image_0831,0.43990384615384615,0.3894230769230769,1.0,1.0,1
image_0789,0.2091346153846154,0.53125,0.38221153846153844,0.6610576923076923,1
image_0789,0.3701923076923077,0.36778846153846156,0.5528846153846154,0.5096153846153846,1
image_0789,0.5504807692307693,0.5432692307692307,0.9038461538461539,0.84375,1
image_0213,0.2994791666666667,0.30439814814814814,0.7690972222222222,0.59375,0
image_0488,0.6057692307692307,0.34134615384615385,0.8918269230769231,0.8653846153846154,1
image_0488,0.25721153846153844,0.6274038461538461,0.59375,1.0,0
image_0696,0.2692307692307692,0.20673076923076922,0.47836538461538464,0.4639423076923077,1
image_0696,0.5480769230769231,0.5865384615384616,0.78125,0.8605769230769231,1
image_0586,0.27163461538461536,0.5432692307692307,0.625,0.8004807692307693,1
image_0330,0.15658602150537634,0.21729390681003585,0.65625,0.7329749103942652,0
image_0356,0.24260752688172044,0.5309139784946236,0.6619623655913979,0.7903225806451613,0
image_0576,0.31009615384615385,0.43509615384615385,0.7283653846153846,0.7451923076923077,1
image_0153,0.4010416666666667,0.39467592592592593,0.5842013888888888,0.5590277777777778,0
image_0528,0.17307692307692307,0.19951923076923078,0.7644230769230769,0.7932692307692307,1
image_0398,0.1658653846153846,0.30528846153846156,0.4831730769230769,0.5360576923076923,1
image_0398,0.7043269230769231,0.3076923076923077,0.8653846153846154,0.4375,1
image_0398,0.6225961538461539,0.5,0.7956730769230769,0.6322115384615384,1
image_0237,0.3125,0.33217592592592593,0.640625,0.6759259259259259,0
image_0743,0.0985576923076923,0.09615384615384616,0.9110576923076923,0.9278846153846154,1
image_0753,0.37740384615384615,0.38461538461538464,0.5649038461538461,0.6370192307692307,1
image_0417,0.46153846153846156,0.4639423076923077,0.6850961538461539,0.7427884615384616,1
image_0417,0.4182692307692308,0.07932692307692307,0.5793269230769231,0.25721153846153844,1
image_0417,0.34375,0.004807692307692308,0.43509615384615385,0.16346153846153846,0
image_0691,0.06009615384615385,0.08653846153846154,0.8293269230769231,0.8004807692307693,1
image_0545,0.14423076923076922,0.18269230769230768,0.8149038461538461,0.8461538461538461,1
image_0248,0.3585069444444444,0.2175925925925926,0.7126736111111112,0.7349537037037037,0
image_0074,0.194375,0.2708333333333333,0.788125,0.725,0
image_0406,0.24278846153846154,0.3485576923076923,0.6923076923076923,0.6826923076923077,1
image_0065,0.274375,0.3233333333333333,0.678125,0.7483333333333333,0
image_0570,0.20192307692307693,0.20432692307692307,0.6129807692307693,0.6947115384615384,1
image_0045,0.39375,0.3375,0.933125,0.8225,0
image_0036,0.270625,0.33,0.741875,0.7925,0
image_0483,0.009615384615384616,0.40384615384615385,0.9855769230769231,0.9350961538461539,1
image_0139,0.3368055555555556,0.3090277777777778,0.6154513888888888,0.5798611111111112,0
image_0550,0.22115384615384615,0.3918269230769231,0.6225961538461539,0.7620192307692307,1
image_0504,0.34615384615384615,0.28125,0.6875,0.5384615384615384,1
image_0504,0.4182692307692308,0.6105769230769231,0.6466346153846154,0.75,1
image_0678,0.18990384615384615,0.3894230769230769,0.40625,0.6947115384615384,1
image_0853,0.038461538461538464,0.04326923076923077,0.9639423076923077,0.9615384615384616,1
image_0544,0.37740384615384615,0.4423076923076923,0.7692307692307693,0.7355769230769231,1
image_0565,0.08413461538461539,0.0889423076923077,0.9326923076923077,0.8822115384615384,1
image_0492,0.5528846153846154,0.09615384615384616,0.84375,0.5889423076923077,1
image_0492,0.37740384615384615,0.6490384615384616,0.5673076923076923,1.0,0
image_0421,0.2620192307692308,0.4639423076923077,0.4807692307692308,0.6274038461538461,1
image_0421,0.6225961538461539,0.4639423076923077,0.7259615384615384,0.5528846153846154,1
image_0421,0.5721153846153846,0.59375,0.6995192307692307,0.6875,1
image_0391,0.4375,0.16105769230769232,0.8413461538461539,0.7548076923076923,1
image_0234,0.2986111111111111,0.2361111111111111,0.6232638888888888,0.6354166666666666,0
image_0748,0.0985576923076923,0.09615384615384616,0.9110576923076923,0.9278846153846154,1
image_0774,0.42788461538461536,0.30528846153846156,0.5769230769230769,0.6201923076923077,1
image_0685,0.33413461538461536,0.43990384615384615,0.6418269230769231,0.6418269230769231,1
image_0035,0.161875,0.22833333333333333,0.755625,0.7141666666666666,0
image_0044,0.33125,0.3425,0.648125,0.6275,0
image_0610,0.05048076923076923,0.04326923076923077,0.9423076923076923,0.8653846153846154,1
image_0291,0.2847222222222222,0.33449074074074076,0.6328125,0.6192129629629629,0
image_0075,0.125,0.23416666666666666,0.7925,0.8233333333333334,0
image_0352,0.23555107526881722,0.28046594982078854,0.6481854838709677,0.6370967741935484,0
image_0715,0.125,0.3894230769230769,0.4951923076923077,0.9038461538461539,1
image_0715,0.5120192307692307,0.10336538461538461,0.8341346153846154,0.5649038461538461,1
image_0117,0.3125,0.3101851851851852,0.6284722222222222,0.6192129629629629,0
image_0117,0.0008680555555555555,0.5416666666666666,0.1388888888888889,0.7118055555555556,0
image_0615,0.057692307692307696,0.040865384615384616,0.9495192307692307,0.9567307692307693,1
image_0363,0.031586021505376344,0.30689964157706096,0.5645161290322581,0.7549283154121864,0
image_0734,0.0985576923076923,0.09615384615384616,0.9110576923076923,0.9278846153846154,1
image_0385,0.3557692307692308,0.31971153846153844,0.5192307692307693,0.5649038461538461,1
image_0385,0.5072115384615384,0.5625,0.6418269230769231,0.5865384615384616,0
image_0843,0.038461538461538464,0.036057692307692304,0.9735576923076923,0.9639423076923077,1
image_0725,0.17307692307692307,0.16826923076923078,0.875,0.7764423076923077,1
image_0369,0.2506720430107527,0.2620967741935484,0.748991935483871,0.739247311827957,0
image_0200,0.3680555555555556,0.32523148148148145,0.7065972222222222,0.6770833333333334,0
image_0158,0.3967013888888889,0.4085648148148148,0.6119791666666666,0.5925925925925926,0
image_0287,0.2586805555555556,0.2835648148148148,0.6597222222222222,0.5891203703703703,0
image_0449,0.43990384615384615,0.4423076923076923,0.5144230769230769,0.49278846153846156,1
image_0449,0.5504807692307693,0.44471153846153844,0.5913461538461539,0.47596153846153844,1
image_0449,0.53125,0.4831730769230769,0.5721153846153846,0.5192307692307693,1
image_0355,0.12533602150537634,0.15546594982078854,0.7778897849462365,0.8104838709677419,0
image_0094,0.26625,0.12916666666666668,0.791875,0.7683333333333333,0
image_0523,0.5024038461538461,0.5889423076923077,0.6850961538461539,0.7115384615384616,1
image_0523,0.78125,0.5096153846153846,0.8581730769230769,0.6706730769230769,0
image_0084,0.271875,0.28833333333333333,0.78,0.6941666666666667,0
image_0418,0.21634615384615385,0.40865384615384615,0.4951923076923077,0.6201923076923077,1
image_0418,0.6754807692307693,0.41346153846153844,0.8269230769230769,0.5264423076923077,1
image_0418,0.6129807692307693,0.5865384615384616,0.7788461538461539,0.7067307692307693,1
image_0804,0.11538461538461539,0.49038461538461536,0.6033653846153846,0.8269230769230769,1
image_0804,0.5480769230769231,0.3485576923076923,0.7355769230769231,0.45913461538461536,1
image_0804,0.7019230769230769,0.46153846153846156,0.9326923076923077,0.6153846153846154,1
image_0175,0.3402777777777778,0.3368055555555556,0.6675347222222222,0.5740740740740741,0
image_0095,0.274375,0.18333333333333332,0.78125,0.7108333333333333,0
image_0215,0.2760416666666667,0.42939814814814814,0.7065972222222222,0.6898148148148148,0
image_0305,0.3628472222222222,0.4039351851851852,0.6614583333333334,0.5821759259259259,0
image_0128,0.3237847222222222,0.46412037037037035,0.5703125,0.6712962962962963,0
image_0759,0.44711538461538464,0.3870192307692308,0.5576923076923077,0.6346153846153846,1
image_0253,0.3211805555555556,0.35532407407407407,0.7361111111111112,0.5694444444444444,0
image_0520,0.46153846153846156,0.53125,0.6418269230769231,0.6995192307692307,1
image_0136,0.3142361111111111,0.27314814814814814,0.6050347222222222,0.5428240740740741,0
image_0066,0.164375,0.22666666666666666,0.7975,0.7683333333333333,0
image_0077,0.15875,0.1875,0.795,0.7833333333333333,0
image_0301,0.3680555555555556,0.44328703703703703,0.6579861111111112,0.6435185185185185,0
image_0267,0.34375,0.32060185185185186,0.7569444444444444,0.6666666666666666,0
image_0560,0.002403846153846154,0.8581730769230769,0.6971153846153846,1.0,0
image_0560,0.036057692307692304,0.1466346153846154,0.8918269230769231,0.8581730769230769,1
image_0055,0.286875,0.24166666666666667,0.698125,0.7283333333333334,0
image_0473,0.009615384615384616,0.17067307692307693,0.9807692307692307,0.9158653846153846,1
image_0033,0.2255859375,0.23307291666666666,0.74755859375,0.7819010416666666,0
image_0252,0.3680555555555556,0.2835648148148148,0.7118055555555556,0.6296296296296297,0
image_0591,0.28365384615384615,0.3870192307692308,0.5144230769230769,0.5721153846153846,1
image_0591,0.5600961538461539,0.28125,0.6778846153846154,0.4855769230769231,0
image_0479,0.016826923076923076,0.32211538461538464,0.9447115384615384,0.9182692307692307,1
image_0669,0.3173076923076923,0.17307692307692307,0.6322115384615384,0.4519230769230769,1
image_0275,0.3263888888888889,0.3298611111111111,0.7239583333333334,0.5555555555555556,0
image_0446,0.20673076923076922,0.4014423076923077,0.47115384615384615,0.5889423076923077,1
image_0446,0.6706730769230769,0.39903846153846156,0.8100961538461539,0.5072115384615384,1
image_0446,0.6057692307692307,0.5745192307692307,0.7596153846153846,0.6923076923076923,1
image_0458,0.24278846153846154,0.4230769230769231,0.5072115384615384,0.6177884615384616,1
image_0458,0.7115384615384616,0.43028846153846156,0.8317307692307693,0.53125,1
image_0458,0.6298076923076923,0.59375,0.7932692307692307,0.7139423076923077,1
image_0168,0.3142361111111111,0.35300925925925924,0.6475694444444444,0.5324074074074074,0
image_0144,0.4479166666666667,0.4386574074074074,0.6215277777777778,0.5833333333333334,0
image_0541,0.002403846153846154,0.6923076923076923,0.10336538461538461,1.0,0
image_0541,0.13942307692307693,0.06009615384615385,0.8629807692307693,0.8822115384615384,1
image_0415,0.4014423076923077,0.31490384615384615,0.7163461538461539,0.7091346153846154,1
image_0230,0.2916666666666667,0.20833333333333334,0.6848958333333334,0.6018518518518519,0
image_0797,0.3076923076923077,0.2283653846153846,0.6923076923076923,0.5264423076923077,1
image_0797,0.43509615384615385,0.6105769230769231,0.6514423076923077,0.78125,1
image_0797,0.7091346153846154,0.5576923076923077,0.8894230769230769,0.7091346153846154,1
image_0762,0.47596153846153844,0.36778846153846156,0.5576923076923077,0.5913461538461539,1
image_0348,0.24025537634408603,0.11379928315412187,0.8706317204301075,0.818100358422939,0
image_0849,0.06971153846153846,0.0625,0.9399038461538461,0.9399038461538461,1
image_0539,0.13221153846153846,0.16826923076923078,0.8245192307692307,0.90625,1
image_0634,0.15384615384615385,0.15384615384615385,0.8485576923076923,0.8461538461538461,1
image_0034,0.23,0.25,0.770625,0.8758333333333334,0
image_0462,0.0673076923076923,0.19230769230769232,0.9423076923076923,0.8701923076923077,1
image_0056,0.2675,0.285,0.694375,0.6383333333333333,0
image_0423,0.2403846153846154,0.25240384615384615,0.44471153846153844,0.40865384615384615,1
image_0423,0.5793269230769231,0.2548076923076923,0.6754807692307693,0.33653846153846156,1
image_0423,0.5240384615384616,0.375,0.6442307692307693,0.4639423076923077,1
image_0076,0.068125,0.15083333333333335,0.769375,0.825,0
image_0184,0.3125,0.3460648148148148,0.6814236111111112,0.5543981481481481,0
image_0720,0.20432692307692307,0.22115384615384615,0.8221153846153846,0.8028846153846154,1
image_0452,0.4639423076923077,0.4639423076923077,0.53125,0.5144230769230769,1
image_0452,0.5697115384615384,0.46875,0.5961538461538461,0.4879807692307692,1
image_0452,0.5528846153846154,0.5024038461538461,0.5913461538461539,0.5264423076923077,1
image_0727,0.0985576923076923,0.09615384615384616,0.9110576923076923,0.9278846153846154,1
image_0752,0.3942307692307692,0.4014423076923077,0.5769230769230769,0.6466346153846154,1
image_0196,0.3368055555555556,0.3576388888888889,0.6336805555555556,0.5636574074074074,0
image_0467,0.021634615384615384,0.21153846153846154,0.9663461538461539,0.9326923076923077,1
image_0769,0.3004807692307692,0.3245192307692308,0.5456730769230769,0.6923076923076923,1
image_0096,0.290625,0.265,0.786875,0.7141666666666666,0
image_0641,0.10336538461538461,0.2644230769230769,0.90625,0.9278846153846154,1
image_0480,0.014423076923076924,0.20673076923076922,0.9134615384615384,0.7692307692307693,1
image_0767,0.34375,0.3317307692307692,0.6129807692307693,0.6875,1
image_0220,0.3246527777777778,0.3888888888888889,0.6467013888888888,0.5914351851851852,0
image_0562,0.10576923076923077,0.0889423076923077,0.8774038461538461,0.8557692307692307,1
image_0638,0.06009615384615385,0.18990384615384615,0.13221153846153846,0.24759615384615385,1
image_0638,0.15384615384615385,0.18990384615384615,0.22115384615384615,0.25240384615384615,1
image_0638,0.24519230769230768,0.1875,0.3293269230769231,0.25721153846153844,1
image_0638,0.35096153846153844,0.18990384615384615,0.4254807692307692,0.25,1
image_0638,0.07692307692307693,0.2692307692307692,0.13701923076923078,0.3269230769230769,1
image_0638,0.16105769230769232,0.2668269230769231,0.23317307692307693,0.3317307692307692,1
image_0638,0.25721153846153844,0.2692307692307692,0.32211538461538464,0.3293269230769231,1
image_0638,0.3557692307692308,0.2668269230769231,0.4206730769230769,0.3269230769230769,1
image_0638,0.08173076923076923,0.34615384615384615,0.1466346153846154,0.3942307692307692,1
image_0638,0.17067307692307693,0.3485576923076923,0.2283653846153846,0.3942307692307692,1
image_0638,0.2668269230769231,0.34134615384615385,0.3293269230769231,0.4014423076923077,1
image_0638,0.3557692307692308,0.33653846153846156,0.4206730769230769,0.4014423076923077,1
image_0638,0.09134615384615384,0.40865384615384615,0.15144230769230768,0.47115384615384615,1
image_0638,0.1778846153846154,0.41586538461538464,0.23798076923076922,0.4735576923076923,1
image_0638,0.27163461538461536,0.41586538461538464,0.3293269230769231,0.47115384615384615,1
image_0638,0.36538461538461536,0.4182692307692308,0.4230769230769231,0.47115384615384615,1
image_0638,0.09615384615384616,0.4831730769230769,0.15865384615384615,0.5360576923076923,1
image_0638,0.18269230769230768,0.4831730769230769,0.25,0.5360576923076923,1
image_0638,0.27163461538461536,0.4879807692307692,0.34134615384615385,0.5384615384615384,1
image_0638,0.3629807692307692,0.4855769230769231,0.4254807692307692,0.5336538461538461,1
image_0638,0.59375,0.19230769230769232,0.6850961538461539,0.2644230769230769,1
image_0638,0.6971153846153846,0.21153846153846154,0.7764423076923077,0.2860576923076923,1
image_0638,0.8004807692307693,0.2283653846153846,0.8774038461538461,0.2980769230769231,1
image_0638,0.8942307692307693,0.25721153846153844,0.9879807692307693,0.3317307692307692,1
image_0638,0.5673076923076923,0.2668269230769231,0.6538461538461539,0.34134615384615385,1
image_0638,0.6538461538461539,0.2860576923076923,0.7427884615384616,0.3557692307692308,1
image_0638,0.7620192307692307,0.31009615384615385,0.8485576923076923,0.37259615384615385,1
image_0638,0.8509615384615384,0.3269230769230769,0.9495192307692307,0.4014423076923077,1
image_0638,0.5288461538461539,0.34375,0.625,0.40865384615384615,1
image_0638,0.6298076923076923,0.3629807692307692,0.7139423076923077,0.43028846153846156,1
image_0638,0.7211538461538461,0.38221153846153844,0.8149038461538461,0.4543269230769231,1
image_0638,0.8197115384615384,0.40865384615384615,0.9158653846153846,0.47115384615384615,1
image_0638,0.5096153846153846,0.4182692307692308,0.5961538461538461,0.47836538461538464,1
image_0638,0.5985576923076923,0.4326923076923077,0.6875,0.49759615384615385,1
image_0638,0.6971153846153846,0.45913461538461536,0.7788461538461539,0.5144230769230769,1
image_0638,0.7884615384615384,0.47115384615384615,0.8822115384615384,0.5432692307692307,1
image_0638,0.49038461538461536,0.4807692307692308,0.5673076923076923,0.5408653846153846,1
image_0638,0.5721153846153846,0.5048076923076923,0.65625,0.5721153846153846,1
image_0638,0.6634615384615384,0.5192307692307693,0.7427884615384616,0.5889423076923077,1
image_0638,0.7620192307692307,0.5384615384615384,0.8413461538461539,0.6033653846153846,1
image_0638,0.3245192307692308,0.5817307692307693,0.41586538461538464,0.6418269230769231,1
image_0638,0.2860576923076923,0.6274038461538461,0.3629807692307692,0.6826923076923077,1
image_0638,0.23798076923076922,0.6730769230769231,0.30528846153846156,0.7259615384615384,1
image_0638,0.1875,0.7235576923076923,0.2548076923076923,0.7692307692307693,1
image_0638,0.4014423076923077,0.6201923076923077,0.4807692307692308,0.6826923076923077,1
image_0638,0.34615384615384615,0.6706730769230769,0.43028846153846156,0.7283653846153846,1
image_0638,0.30288461538461536,0.7115384615384616,0.37740384615384615,0.7740384615384616,1
image_0638,0.25240384615384615,0.75,0.3293269230769231,0.8149038461538461,1
image_0638,0.47596153846153844,0.6586538461538461,0.5552884615384616,0.7211538461538461,1
image_0638,0.42788461538461536,0.7091346153846154,0.5024038461538461,0.7644230769230769,1
image_0638,0.36778846153846156,0.7524038461538461,0.44711538461538464,0.8125,1
image_0638,0.32211538461538464,0.7956730769230769,0.3942307692307692,0.8557692307692307,1
image_0638,0.5480769230769231,0.7043269230769231,0.625,0.7620192307692307,1
image_0638,0.49278846153846156,0.7524038461538461,0.5673076923076923,0.8076923076923077,1
image_0638,0.4375,0.7956730769230769,0.5144230769230769,0.84375,1
image_0638,0.38461538461538464,0.8317307692307693,0.4639423076923077,0.8870192307692307,1
image_0638,0.6201923076923077,0.7451923076923077,0.6971153846153846,0.8076923076923077,1
image_0638,0.5625,0.7860576923076923,0.6370192307692307,0.84375,1
image_0638,0.5024038461538461,0.8269230769230769,0.5793269230769231,0.8870192307692307,1
image_0638,0.4423076923076923,0.8701923076923077,0.5240384615384616,0.9278846153846154,1
image_0819,0.08653846153846154,0.4375,0.46875,0.6754807692307693,1
image_0819,0.7091346153846154,0.49278846153846156,0.8774038461538461,0.6225961538461539,1
image_0819,0.5841346153846154,0.6658653846153846,0.8317307692307693,0.8461538461538461,1
image_0599,0.1466346153846154,0.17307692307692307,0.8557692307692307,0.7884615384615384,1
image_0782,0.14423076923076922,0.46875,0.5649038461538461,0.7884615384615384,1
image_0782,0.5408653846153846,0.29086538461538464,0.7259615384615384,0.4375,1
image_0782,0.6490384615384616,0.46153846153846156,0.8774038461538461,0.6370192307692307,1
image_0115,0.21006944444444445,0.3993055555555556,0.7022569444444444,0.6956018518518519,0
image_0701,0.27884615384615385,0.1778846153846154,0.6802884615384616,0.5649038461538461,1
image_0219,0.3246527777777778,0.4027777777777778,0.6527777777777778,0.6053240740740741,0
image_0540,0.2283653846153846,0.3245192307692308,0.6370192307692307,0.6586538461538461,1
image_0540,0.002403846153846154,0.002403846153846154,0.6033653846153846,0.1971153846153846,0
image_0702,0.3918269230769231,0.4807692307692308,0.4807692307692308,0.5432692307692307,1
image_0842,0.03365384615384615,0.03365384615384615,0.9639423076923077,0.9663461538461539,1
image_0100,0.2625,0.24166666666666667,0.765,0.6983333333333334,0
image_0786,0.31490384615384615,0.3701923076923077,0.47836538461538464,0.4831730769230769,1
image_0786,0.5552884615384616,0.34134615384615385,0.7524038461538461,0.49278846153846156,1
image_0786,0.41586538461538464,0.5865384615384616,0.7716346153846154,0.8653846153846154,1
image_0519,0.3629807692307692,0.47596153846153844,0.6081730769230769,0.6730769230769231,1
image_0197,0.3862847222222222,0.34837962962962965,0.6961805555555556,0.6469907407407407,0
image_0585,0.3076923076923077,0.4423076923076923,0.7283653846153846,0.7403846153846154,1
image_0738,0.0985576923076923,0.09615384615384616,0.9110576923076923,0.9278846153846154,1
image_0656,0.37740384615384615,0.2764423076923077,0.5288461538461539,0.5144230769230769,1
image_0656,0.5721153846153846,0.25721153846153844,0.7475961538461539,0.5024038461538461,1
image_0531,0.10336538461538461,0.23557692307692307,0.84375,0.84375,1
image_0839,0.08173076923076923,0.08413461538461539,0.9278846153846154,0.9206730769230769,1
image_0639,0.28125,0.2860576923076923,0.32211538461538464,0.3245192307692308,1
image_0639,0.33413461538461536,0.27884615384615385,0.375,0.31971153846153844,1
image_0639,0.3870192307692308,0.27884615384615385,0.42788461538461536,0.32211538461538464,1
image_0639,0.44471153846153844,0.28125,0.4807692307692308,0.31490384615384615,1
image_0639,0.2860576923076923,0.3317307692307692,0.32211538461538464,0.36538461538461536,1
image_0639,0.3317307692307692,0.32211538461538464,0.37259615384615385,0.36778846153846156,1
image_0639,0.3894230769230769,0.3293269230769231,0.43028846153846156,0.36538461538461536,1
image_0639,0.44471153846153844,0.3269230769230769,0.4807692307692308,0.36538461538461536,1
image_0639,0.28846153846153844,0.375,0.3245192307692308,0.40384615384615385,1
image_0639,0.3389423076923077,0.3701923076923077,0.37740384615384615,0.40865384615384615,1
image_0639,0.3894230769230769,0.37259615384615385,0.42788461538461536,0.40384615384615385,1
image_0639,0.44471153846153844,0.3701923076923077,0.4831730769230769,0.40384615384615385,1
image_0639,0.28846153846153844,0.4182692307692308,0.3245192307692308,0.44711538461538464,1
image_0639,0.3389423076923077,0.4182692307692308,0.3701923076923077,0.44711538461538464,1
image_0639,0.3894230769230769,0.41586538461538464,0.42788461538461536,0.4519230769230769,1
image_0639,0.43990384615384615,0.4182692307692308,0.4879807692307692,0.4543269230769231,1
image_0639,0.28365384615384615,0.4543269230769231,0.3269230769230769,0.49278846153846156,1
image_0639,0.33413461538461536,0.45913461538461536,0.37740384615384615,0.4951923076923077,1
image_0639,0.3894230769230769,0.45913461538461536,0.42788461538461536,0.4951923076923077,1
image_0639,0.4423076923076923,0.45913461538461536,0.4807692307692308,0.5024038461538461,1
image_0639,0.5793269230769231,0.27884615384615385,0.6298076923076923,0.31971153846153844,1
image_0639,0.6346153846153846,0.2860576923076923,0.6923076923076923,0.33413461538461536,1
image_0639,0.6899038461538461,0.2980769230769231,0.7524038461538461,0.34615384615384615,1
image_0639,0.7524038461538461,0.31490384615384615,0.8125,0.35336538461538464,1
image_0639,0.5552884615384616,0.3269230769230769,0.6153846153846154,0.3629807692307692,1
image_0639,0.6177884615384616,0.33413461538461536,0.6706730769230769,0.38461538461538464,1
image_0639,0.6802884615384616,0.3485576923076923,0.7307692307692307,0.3870192307692308,1
image_0639,0.7427884615384616,0.3629807692307692,0.7980769230769231,0.40384615384615385,1
image_0639,0.5456730769230769,0.36778846153846156,0.6009615384615384,0.4110576923076923,1
image_0639,0.6033653846153846,0.38221153846153844,0.65625,0.4206730769230769,1
image_0639,0.6586538461538461,0.3942307692307692,0.7163461538461539,0.43509615384615385,1
image_0639,0.7163461538461539,0.4014423076923077,0.7764423076923077,0.44711538461538464,1
image_0639,0.5264423076923077,0.4110576923076923,0.5817307692307693,0.4543269230769231,1
image_0639,0.5817307692307693,0.4254807692307692,0.6394230769230769,0.4639423076923077,1
image_0639,0.6418269230769231,0.43509615384615385,0.6971153846153846,0.4807692307692308,1
image_0639,0.7043269230769231,0.4495192307692308,0.7548076923076923,0.49278846153846156,1
image_0639,0.5144230769230769,0.4543269230769231,0.5697115384615384,0.5,1
image_0639,0.5673076923076923,0.4735576923076923,0.6201923076923077,0.5120192307692307,1
image_0639,0.625,0.47836538461538464,0.6850961538461539,0.5240384615384616,1
image_0639,0.6875,0.49278846153846156,0.7451923076923077,0.5432692307692307,1
image_0639,0.4230769230769231,0.5240384615384616,0.4639423076923077,0.5600961538461539,1
image_0639,0.38461538461538464,0.5528846153846154,0.43990384615384615,0.5961538461538461,1
image_0639,0.3557692307692308,0.5865384615384616,0.4014423076923077,0.625,1
image_0639,0.3245192307692308,0.6153846153846154,0.36538461538461536,0.6538461538461539,1
image_0639,0.46153846153846156,0.5456730769230769,0.5072115384615384,0.59375,1
image_0639,0.42788461538461536,0.5841346153846154,0.47596153846153844,0.6201923076923077,1
image_0639,0.39663461538461536,0.6177884615384616,0.4423076923076923,0.6538461538461539,1
image_0639,0.36778846153846156,0.6466346153846154,0.40625,0.6875,1
image_0639,0.5072115384615384,0.5769230769230769,0.5576923076923077,0.625,1
image_0639,0.47115384615384615,0.6081730769230769,0.5240384615384616,0.6610576923076923,1
image_0639,0.43509615384615385,0.6442307692307693,0.4831730769230769,0.6875,1
image_0639,0.40384615384615385,0.6706730769230769,0.44711538461538464,0.7163461538461539,1
image_0639,0.5456730769230769,0.6105769230769231,0.6009615384615384,0.6490384615384616,1
image_0639,0.5168269230769231,0.6442307692307693,0.5673076923076923,0.6826923076923077,1
image_0639,0.4807692307692308,0.6754807692307693,0.5264423076923077,0.7139423076923077,1
image_0639,0.43509615384615385,0.7043269230769231,0.4879807692307692,0.7451923076923077,1
image_0639,0.59375,0.6394230769230769,0.6466346153846154,0.6875,1
image_0639,0.5576923076923077,0.6730769230769231,0.6105769230769231,0.7139423076923077,1
image_0639,0.5192307692307693,0.7019230769230769,0.5745192307692307,0.7475961538461539,1
image_0639,0.49278846153846156,0.7355769230769231,0.5408653846153846,0.7740384615384616,1
image_0067,0.34125,0.285,0.770625,0.7808333333333334,0
image_0776,0.4230769230769231,0.3485576923076923,0.5456730769230769,0.6201923076923077,1
image_0072,0.178125,0.19583333333333333,0.846875,0.7575,0
image_0185,0.2690972222222222,0.33217592592592593,0.6666666666666666,0.5659722222222222,0
image_0834,0.09375,0.09615384615384616,0.8990384615384616,0.9014423076923077,1
image_0037,0.2,0.12333333333333334,0.78125,0.8466666666666667,0
image_0620,0.09615384615384616,0.08413461538461539,0.9158653846153846,0.8605769230769231,1
image_0386,0.04807692307692308,0.33653846153846156,0.3629807692307692,0.5649038461538461,1
image_0386,0.5817307692307693,0.35096153846153844,0.7355769230769231,0.4735576923076923,1
image_0386,0.49759615384615385,0.5384615384615384,0.6682692307692307,0.6706730769230769,1
image_0375,0.290994623655914,0.45026881720430106,0.6955645161290323,0.6559139784946236,0
image_0799,0.20673076923076922,0.2932692307692308,0.5504807692307693,0.5673076923076923,1
image_0799,0.7211538461538461,0.40625,0.8990384615384616,0.5552884615384616,1
image_0799,0.5793269230769231,0.5769230769230769,0.7668269230769231,0.7355769230769231,1
image_0041,0.229375,0.125,0.851875,0.8933333333333333,0
image_0657,0.31490384615384615,0.3004807692307692,0.5192307692307693,0.6177884615384616,1
image_0657,0.47596153846153844,0.5072115384615384,0.6923076923076923,0.8677884615384616,1
image_0064,0.316875,0.2525,0.71875,0.6891666666666667,0
image_0229,0.3194444444444444,0.33796296296296297,0.6536458333333334,0.6956018518518519,0
image_0602,0.16105769230769232,0.19471153846153846,0.8605769230769231,0.7932692307692307,1
image_0510,0.4639423076923077,0.53125,0.6370192307692307,0.6995192307692307,1
image_0672,0.7596153846153846,0.3076923076923077,0.8317307692307693,0.3918269230769231,0
image_0672,0.8149038461538461,0.3293269230769231,0.9519230769230769,0.46153846153846156,0
image_0672,0.5192307692307693,0.3317307692307692,0.6177884615384616,0.45913461538461536,1
image_0846,0.06490384615384616,0.07211538461538461,0.9375,0.9254807692307693,1
image_0486,0.05048076923076923,0.15625,0.9783653846153846,0.8461538461538461,1
image_0169,0.3862847222222222,0.4074074074074074,0.7100694444444444,0.59375,0
image_0580,0.2956730769230769,0.33653846153846156,0.6778846153846154,0.78125,1
image_0350,0.27385752688172044,0.39023297491039427,0.688508064516129,0.7240143369175627,0
image_0712,0.14903846153846154,0.18509615384615385,0.7980769230769231,0.8389423076923077,1
image_0116,0.4548611111111111,0.3472222222222222,0.7751736111111112,0.5543981481481481,0
image_0561,0.07211538461538461,0.11057692307692307,0.9278846153846154,0.9110576923076923,1
image_0400,0.007211538461538462,0.16826923076923078,0.9567307692307693,0.90625,1
image_0575,0.3317307692307692,0.28125,0.6201923076923077,0.6442307692307693,1
image_0145,0.3828125,0.38425925925925924,0.6050347222222222,0.5868055555555556,0
image_0783,0.20432692307692307,0.5264423076923077,0.5865384615384616,0.8293269230769231,1
image_0783,0.4879807692307692,0.2956730769230769,0.6658653846153846,0.4254807692307692,1
image_0783,0.6586538461538461,0.41346153846153844,0.8822115384615384,0.5817307692307693,1
image_0595,0.3557692307692308,0.3485576923076923,0.7091346153846154,0.7211538461538461,1
image_0040,0.19,0.1,0.821875,0.8733333333333333,0
image_0251,0.3368055555555556,0.2835648148148148,0.7204861111111112,0.6909722222222222,0
image_0471,0.055288461538461536,0.1971153846153846,0.9591346153846154,0.90625,1
image_0745,0.0985576923076923,0.09615384615384616,0.9110576923076923,0.9278846153846154,1
image_0604,0.18269230769230768,0.18990384615384615,0.8221153846153846,0.7932692307692307,1
image_0073,0.2375,0.21583333333333332,0.8775,0.8558333333333333,0
image_0068,0.239375,0.24333333333333335,0.7525,0.7091666666666666,0
image_0302,0.3784722222222222,0.38310185185185186,0.6875,0.6111111111111112,0
image_0254,0.3263888888888889,0.27314814814814814,0.6875,0.6307870370370371,0
image_0513,0.4807692307692308,0.53125,0.5649038461538461,0.5985576923076923,1
image_0404,0.59375,0.53125,0.7836538461538461,0.6923076923076923,1
image_0306,0.3975694444444444,0.38425925925925924,0.6944444444444444,0.5891203703703703,0
image_0617,0.08173076923076923,0.07451923076923077,0.9278846153846154,0.9014423076923077,1
image_0823,0.040865384615384616,0.18028846153846154,0.41346153846153844,0.4855769230769231,1
image_0823,0.7211538461538461,0.18028846153846154,0.9206730769230769,0.33413461538461536,1
image_0823,0.6346153846153846,0.43509615384615385,0.8701923076923077,0.6177884615384616,1
image_0127,0.3368055555555556,0.4363425925925926,0.6215277777777778,0.6620370370370371,0
image_0099,0.295,0.2925,0.706875,0.74,0
image_0176,0.3298611111111111,0.40625,0.625,0.5925925925925926,0
image_0216,0.3368055555555556,0.41782407407407407,0.6666666666666666,0.6053240740740741,0
image_0151,0.4027777777777778,0.3576388888888889,0.6527777777777778,0.5636574074074074,0
image_0722,0.01201923076923077,0.3918269230769231,0.5,0.9567307692307693,1
image_0722,0.5528846153846154,0.057692307692307696,0.9783653846153846,0.5817307692307693,1
image_0274,0.3628472222222222,0.41782407407407407,0.65625,0.5821759259259259,0
image_0432,0.3293269230769231,0.23076923076923078,0.5024038461538461,0.3581730769230769,1
image_0432,0.5889423076923077,0.21875,0.6730769230769231,0.28125,1
image_0432,0.5697115384615384,0.31490384615384615,0.6634615384615384,0.3942307692307692,1
image_0371,0.2852822580645161,0.1303763440860215,0.7661290322580645,0.5600358422939068,0
image_0097,0.25,0.2833333333333333,0.789375,0.8191666666666667,0
image_0754,0.38221153846153844,0.37740384615384615,0.5528846153846154,0.6298076923076923,1
image_0424,0.23317307692307693,0.19230769230769232,0.44471153846153844,0.3581730769230769,1
image_0424,0.5889423076923077,0.20673076923076922,0.6899038461538461,0.28846153846153844,1
image_0424,0.5288461538461539,0.3293269230769231,0.6466346153846154,0.4182692307692308,1
image_0092,0.33,0.31583333333333335,0.685,0.6358333333333334,0
image_0816,0.28365384615384615,0.31971153846153844,0.6706730769230769,0.5384615384615384,1
image_0816,0.2764423076923077,0.6514423076923077,0.5408653846153846,0.8197115384615384,1
image_0816,0.6346153846153846,0.6057692307692307,0.8894230769230769,0.7884615384615384,1
image_0463,0.038461538461538464,0.18990384615384615,0.9543269230769231,0.8894230769230769,1
image_0680,0.1201923076923077,0.6081730769230769,0.40384615384615385,0.8173076923076923,1
image_0680,0.5745192307692307,0.6033653846153846,0.8413461538461539,0.8149038461538461,1
image_0397,0.17067307692307693,0.30528846153846156,0.49038461538461536,0.5288461538461539,1
image_0397,0.7115384615384616,0.3076923076923077,0.8701923076923077,0.43990384615384615,1
image_0397,0.6274038461538461,0.5048076923076923,0.7980769230769231,0.6370192307692307,1
image_0201,0.3489583333333333,0.35648148148148145,0.7404513888888888,0.7824074074074074,0
image_0434,0.22596153846153846,0.40865384615384615,0.4855769230769231,0.6105769230769231,1
image_0434,0.6826923076923077,0.4182692307692308,0.8197115384615384,0.5288461538461539,1
image_0434,0.6201923076923077,0.5889423076923077,0.7668269230769231,0.7019230769230769,1
image_0071,0.2475,0.1525,0.87375,0.875,0
image_0290,0.2065972222222222,0.3784722222222222,0.5876736111111112,0.6423611111111112,0
image_0744,0.0985576923076923,0.09615384615384616,0.9110576923076923,0.9278846153846154,1
image_0154,0.4071180555555556,0.375,0.6258680555555556,0.5787037037037037,0
image_0042,0.18875,0.2791666666666667,0.825,0.8858333333333334,0
image_0038,0.183125,0.07083333333333333,0.803125,0.9058333333333334,0
image_0765,0.2956730769230769,0.3293269230769231,0.5961538461538461,0.7163461538461539,1
image_0141,0.4036458333333333,0.35532407407407407,0.6423611111111112,0.6064814814814815,0
image_0233,0.3619791666666667,0.25810185185185186,0.7092013888888888,0.6215277777777778,0
image_0411,0.6033653846153846,0.5096153846153846,0.8293269230769231,0.6947115384615384,1
image_0532,0.34134615384615385,0.21875,0.8076923076923077,0.8125,1
image_0845,0.04326923076923077,0.038461538461538464,0.9543269230769231,0.9519230769230769,1
image_0172,0.3689236111111111,0.36574074074074076,0.6779513888888888,0.5451388888888888,0
image_0203,0.2829861111111111,0.30671296296296297,0.7022569444444444,0.7222222222222222,0
image_0710,0.12259615384615384,0.3125,0.7139423076923077,0.7740384615384616,1
image_0377,0.2506720430107527,0.31451612903225806,0.6246639784946236,0.625,0
image_0709,0.15144230769230768,0.14423076923076922,0.8461538461538461,0.8004807692307693,1
image_0709,0.002403846153846154,0.6370192307692307,0.6466346153846154,1.0,0
image_0043,0.29875,0.3175,0.7025,0.6366666666666667,0
image_0138,0.3177083333333333,0.3101851851851852,0.5946180555555556,0.5960648148148148,0
image_0070,0.148125,0.22166666666666668,0.7625,0.7108333333333333,0
image_0537,0.23798076923076922,0.2764423076923077,0.6153846153846154,0.6466346153846154,1
image_0549,0.1466346153846154,0.24519230769230768,0.7259615384615384,0.8052884615384616,1
image_0708,0.22115384615384615,0.15384615384615385,0.8701923076923077,0.7620192307692307,1
image_0731,0.0985576923076923,0.09615384615384616,0.9110576923076923,0.9278846153846154,1
image_0236,0.2829861111111111,0.24537037037037038,0.6710069444444444,0.71875,0
image_0093,0.26625,0.225,0.776875,0.7091666666666666,0
image_0098,0.348125,0.5,0.76625,0.8116666666666666,0
image_0474,0.016826923076923076,0.21153846153846154,0.9783653846153846,0.9399038461538461,1
image_0214,0.2881944444444444,0.3460648148148148,0.7569444444444444,0.6296296296296297,0
image_0542,0.18269230769230768,0.24519230769230768,0.7692307692307693,0.7716346153846154,1
image_0542,0.055288461538461536,0.8653846153846154,0.7860576923076923,1.0,0
image_0721,0.0985576923076923,0.10336538461538461,0.9375,0.9471153846153846,1
image_0149,0.3585069444444444,0.38078703703703703,0.5772569444444444,0.5462962962962963,0
image_0793,0.19951923076923078,0.47596153846153844,0.4230769230769231,0.6394230769230769,1
image_0793,0.39903846153846156,0.6370192307692307,0.5817307692307693,0.7836538461538461,1
image_0793,0.49278846153846156,0.2692307692307692,0.8581730769230769,0.5673076923076923,1
image_0694,0.10576923076923077,0.15384615384615385,0.3798076923076923,0.46153846153846156,1
image_0694,0.5528846153846154,0.5384615384615384,0.8653846153846154,0.8942307692307693,1
image_0177,0.359375,0.4224537037037037,0.65625,0.6018518518518519,0
image_0437,0.4807692307692308,0.4639423076923077,0.5432692307692307,0.49759615384615385,1
image_0437,0.5793269230769231,0.4639423076923077,0.6129807692307693,0.4855769230769231,1
image_0437,0.5649038461538461,0.5,0.6009615384615384,0.5264423076923077,1
image_0002,0.32083333333333336,0.35125,0.8191666666666667,0.578125,0
image_0130,0.3420138888888889,0.42476851851851855,0.6085069444444444,0.6539351851851852,0
image_0679,0.25,0.5528846153846154,0.4567307692307692,0.6995192307692307,1
image_0679,0.5480769230769231,0.5600961538461539,0.7259615384615384,0.6971153846153846,1
image_0646,0.03125,0.026442307692307692,0.9711538461538461,0.9735576923076923,1
image_0258,0.3793402777777778,0.36921296296296297,0.7482638888888888,0.5833333333333334,0
image_0590,0.46875,0.43509615384615385,0.5745192307692307,0.5192307692307693,1
image_0243,0.2934027777777778,0.2465277777777778,0.6848958333333334,0.7118055555555556,0
image_0457,0.43028846153846156,0.4014423076923077,0.5144230769230769,0.4639423076923077,1
image_0457,0.5552884615384616,0.40865384615384615,0.6009615384615384,0.4375,1
image_0457,0.5456730769230769,0.44711538461538464,0.5985576923076923,0.4855769230769231,1
image_0296,0.3368055555555556,0.3900462962962963,0.6649305555555556,0.5844907407407407,0
image_0746,0.0985576923076923,0.09615384615384616,0.9110576923076923,0.9278846153846154,1
image_0009,0.3425,0.37916666666666665,0.7025,0.5816666666666667,0
image_0009,0.339375,0.6983333333333334,0.485,0.8425,0
image_0009,0.95,0.145,1.0,0.2775,0
image_0768,0.3076923076923077,0.3317307692307692,0.5793269230769231,0.7091346153846154,1
image_0262,0.2821180555555556,0.19328703703703703,0.7204861111111112,0.7002314814814815,0
image_0028,0.25,0.3170572916666667,0.71826171875,0.6920572916666666,0
image_0028,0.64404296875,0.031901041666666664,0.72412109375,0.15885416666666666,1
image_0664,0.14182692307692307,0.3317307692307692,0.41586538461538464,0.7259615384615384,1
image_0395,0.1658653846153846,0.3317307692307692,0.46875,0.5528846153846154,1
image_0395,0.6658653846153846,0.34134615384615385,0.8125,0.45913461538461536,1
image_0395,0.5985576923076923,0.5168269230769231,0.7548076923076923,0.6466346153846154,1
image_0017,0.3193359375,0.3385416666666667,0.6357421875,0.7200520833333334,0
image_0747,0.0985576923076923,0.09615384615384616,0.9110576923076923,0.9278846153846154,1
image_0435,0.2403846153846154,0.40865384615384615,0.5144230769230769,0.6057692307692307,1
image_0435,0.7091346153846154,0.41346153846153844,0.8389423076923077,0.5216346153846154,1
image_0435,0.6370192307692307,0.5817307692307693,0.78125,0.7019230769230769,1
image_0387,0.4326923076923077,0.5168269230769231,0.6802884615384616,0.6875,1
image_0343,0.1797715053763441,0.20474910394265233,0.7258064516129032,0.693100358422939,0
image_0331,0.1881720430107527,0.2325268817204301,0.7268145161290323,0.8275089605734767,0
image_0317,0.04670698924731183,0.04883512544802868,0.594758064516129,0.37455197132616486,0
image_0279,0.3003472222222222,0.35648148148148145,0.671875,0.6469907407407407,0
image_0441,0.23798076923076922,0.4206730769230769,0.5048076923076923,0.6153846153846154,1
image_0441,0.7043269230769231,0.4326923076923077,0.8341346153846154,0.53125,1
image_0441,0.6346153846153846,0.6033653846153846,0.78125,0.7091346153846154,1
image_0547,0.2668269230769231,0.23798076923076922,0.7259615384615384,0.6778846153846154,1
image_0766,0.30528846153846156,0.3293269230769231,0.6081730769230769,0.7043269230769231,1
image_0810,0.14903846153846154,0.39903846153846156,0.35096153846153844,0.5168269230769231,1
image_0810,0.3870192307692308,0.3317307692307692,0.6033653846153846,0.4543269230769231,1
image_0810,0.4182692307692308,0.5,0.8846153846153846,0.8293269230769231,1
image_0208,0.2543402777777778,0.27199074074074076,0.6875,0.6747685185185185,0
image_0854,0.08413461538461539,0.08413461538461539,0.9110576923076923,0.9086538461538461,1
image_0166,0.3098958333333333,0.41087962962962965,0.6631944444444444,0.5972222222222222,0
image_0124,0.4140625,0.2824074074074074,0.6979166666666666,0.5370370370370371,0
image_0571,0.4735576923076923,0.6129807692307693,0.5697115384615384,0.7019230769230769,1
image_0571,0.8317307692307693,0.38461538461538464,1.0,0.53125,0
image_0705,0.11298076923076923,0.13221153846153846,0.8389423076923077,0.8100961538461539,1
image_0705,0.002403846153846154,0.6418269230769231,0.6490384615384616,1.0,0
image_0228,0.24131944444444445,0.24074074074074073,0.6675347222222222,0.7534722222222222,0
image_0399,0.08413461538461539,0.2620192307692308,0.8918269230769231,0.8846153846153846,1
image_0318,0.1532258064516129,0.2647849462365591,0.7059811827956989,0.7222222222222222,0
image_0687,0.39663461538461536,0.3870192307692308,0.5480769230769231,0.49759615384615385,1
image_0522,0.5072115384615384,0.40384615384615385,0.7980769230769231,0.71875,1
image_0344,0.29469086021505375,0.39471326164874554,0.8669354838709677,0.7531362007168458,0
image_0836,0.0889423076923077,0.08413461538461539,0.9182692307692307,0.9158653846153846,1
image_0156,0.3550347222222222,0.41203703703703703,0.5902777777777778,0.5868055555555556,0
image_0029,0.15771484375,0.20703125,0.79052734375,0.7200520833333334,0
image_0443,0.22355769230769232,0.4182692307692308,0.49759615384615385,0.6033653846153846,1
image_0443,0.6971153846153846,0.4230769230769231,0.8197115384615384,0.5264423076923077,1
image_0443,0.6201923076923077,0.5865384615384616,0.7740384615384616,0.6995192307692307,1
image_0383,0.6201923076923077,0.38461538461538464,0.9230769230769231,0.7572115384615384,1
image_0383,0.002403846153846154,0.33653846153846156,0.12980769230769232,0.5769230769230769,0
image_0383,0.05048076923076923,0.46875,0.21153846153846154,0.6658653846153846,0
image_0476,0.05048076923076923,0.15625,0.9615384615384616,0.8509615384615384,1
image_0186,0.2864583333333333,0.29282407407407407,0.6848958333333334,0.5787037037037037,0
image_0566,0.33413461538461536,0.25721153846153844,0.7043269230769231,0.71875,1
image_0566,0.5288461538461539,0.36778846153846156,0.8774038461538461,1.0,0
image_0566,0.9038461538461539,0.6490384615384616,1.0,1.0,0
image_0704,0.11057692307692307,0.14903846153846154,0.9471153846153846,0.8942307692307693,1
image_0704,0.002403846153846154,0.002403846153846154,0.1201923076923077,0.11538461538461539,0
image_0648,0.026442307692307692,0.02403846153846154,0.9879807692307693,0.9951923076923077,1
image_0366,0.26344086021505375,0.30197132616487454,0.7140456989247311,0.6729390681003584,0
image_0001,0.303125,0.245,0.690625,0.7066666666666667,0
image_0194,0.3472222222222222,0.39814814814814814,0.6545138888888888,0.7303240740740741,0
image_0662,0.32211538461538464,0.3293269230769231,0.59375,0.7427884615384616,1
image_0717,0.03125,0.38221153846153844,0.5024038461538461,0.9423076923076923,1
image_0717,0.5576923076923077,0.0673076923076923,0.9735576923076923,0.59375,1
image_0122,0.3993055555555556,0.46875,0.6710069444444444,0.6342592592592593,0
image_0222,0.3307291666666667,0.3611111111111111,0.6605902777777778,0.6018518518518519,0
image_0536,0.49038461538461536,0.04567307692307692,0.7019230769230769,0.3004807692307692,1
image_0536,0.4110576923076923,0.3389423076923077,0.6225961538461539,0.5961538461538461,1
image_0536,0.3389423076923077,0.6538461538461539,0.5504807692307693,0.9014423076923077,1
image_0548,0.19471153846153846,0.2956730769230769,0.8149038461538461,0.8557692307692307,1
image_0161,0.3029513888888889,0.32407407407407407,0.6362847222222222,0.5960648148148148,0
image_0601,0.1346153846153846,0.12740384615384615,0.8581730769230769,0.8701923076923077,1
image_0211,0.2586805555555556,0.3113425925925926,0.7586805555555556,0.5925925925925926,0
image_0812,0.22115384615384615,0.3389423076923077,0.40625,0.4423076923076923,1
image_0812,0.09134615384615384,0.49278846153846156,0.28365384615384615,0.6105769230769231,1
image_0812,0.5336538461538461,0.4230769230769231,0.8942307692307693,0.6370192307692307,1
image_0181,0.4166666666666667,0.3854166666666667,0.6927083333333334,0.5740740740740741,0
image_0628,0.10576923076923077,0.0889423076923077,0.9711538461538461,0.8822115384615384,1
image_0706,0.002403846153846154,0.40865384615384615,0.07211538461538461,0.8774038461538461,0
image_0706,0.13221153846153846,0.10336538461538461,0.8822115384615384,0.7283653846153846,1
image_0239,0.2916666666666667,0.2534722222222222,0.6814236111111112,0.7824074074074074,0
image_0109,0.2175,0.2916666666666667,0.820625,0.6183333333333333,0
image_0413,0.41586538461538464,0.38221153846153844,0.8221153846153846,0.7764423076923077,1
image_0837,0.08173076923076923,0.07211538461538461,0.9206730769230769,0.9206730769230769,1
image_0640,0.45913461538461536,0.2692307692307692,0.4951923076923077,0.3076923076923077,1
image_0640,0.5,0.2644230769230769,0.5336538461538461,0.2980769230769231,1
image_0640,0.5504807692307693,0.2644230769230769,0.5817307692307693,0.30288461538461536,1
image_0640,0.5985576923076923,0.2620192307692308,0.6298076923076923,0.2980769230769231,1
image_0640,0.45913461538461536,0.30288461538461536,0.4951923076923077,0.33653846153846156,1
image_0640,0.5024038461538461,0.30528846153846156,0.5360576923076923,0.3317307692307692,1
image_0640,0.5528846153846154,0.3004807692307692,0.5865384615384616,0.33413461538461536,1
image_0640,0.6009615384615384,0.3076923076923077,0.625,0.3317307692307692,1
image_0640,0.4639423076923077,0.34615384615384615,0.4951923076923077,0.36778846153846156,1
image_0640,0.5072115384615384,0.3485576923076923,0.5408653846153846,0.3701923076923077,1
image_0640,0.5480769230769231,0.34134615384615385,0.5841346153846154,0.375,1
image_0640,0.5961538461538461,0.34134615384615385,0.6298076923076923,0.3701923076923077,1
image_0640,0.46634615384615385,0.37740384615384615,0.49759615384615385,0.40865384615384615,1
image_0640,0.5072115384615384,0.3798076923076923,0.5360576923076923,0.40865384615384615,1
image_0640,0.5480769230769231,0.3798076923076923,0.5865384615384616,0.4110576923076923,1
image_0640,0.5913461538461539,0.3798076923076923,0.6346153846153846,0.40865384615384615,1
image_0640,0.46634615384615385,0.41586538461538464,0.4951923076923077,0.43990384615384615,1
image_0640,0.5024038461538461,0.4110576923076923,0.5360576923076923,0.4423076923076923,1
image_0640,0.5552884615384616,0.41346153846153844,0.5841346153846154,0.4423076923076923,1
image_0640,0.5985576923076923,0.41586538461538464,0.6298076923076923,0.44711538461538464,1
image_0640,0.7067307692307693,0.2620192307692308,0.7524038461538461,0.2932692307692308,1
image_0640,0.7596153846153846,0.2692307692307692,0.8004807692307693,0.3004807692307692,1
image_0640,0.8100961538461539,0.27403846153846156,0.8581730769230769,0.31490384615384615,1
image_0640,0.8605769230769231,0.28846153846153844,0.9158653846153846,0.3245192307692308,1
image_0640,0.6971153846153846,0.2932692307692308,0.7451923076923077,0.33653846153846156,1
image_0640,0.7451923076923077,0.30528846153846156,0.7884615384615384,0.34375,1
image_0640,0.7980769230769231,0.31971153846153844,0.84375,0.3581730769230769,1
image_0640,0.8365384615384616,0.31971153846153844,0.8894230769230769,0.3581730769230769,1
image_0640,0.6802884615384616,0.34134615384615385,0.7283653846153846,0.37259615384615385,1
image_0640,0.7307692307692307,0.35096153846153844,0.7764423076923077,0.38461538461538464,1
image_0640,0.78125,0.3581730769230769,0.8245192307692307,0.3894230769230769,1
image_0640,0.8365384615384616,0.36778846153846156,0.8774038461538461,0.40384615384615385,1
image_0640,0.6754807692307693,0.375,0.7139423076923077,0.4014423076923077,1
image_0640,0.7211538461538461,0.3798076923076923,0.7668269230769231,0.41586538461538464,1
image_0640,0.7716346153846154,0.39663461538461536,0.8100961538461539,0.43028846153846156,1
image_0640,0.6634615384615384,0.41346153846153844,0.6995192307692307,0.4423076923076923,1
image_0640,0.6971153846153846,0.4206730769230769,0.7451923076923077,0.45913461538461536,1
image_0640,0.7572115384615384,0.43509615384615385,0.7932692307692307,0.46634615384615385,1
image_0640,0.8028846153846154,0.4375,0.8365384615384616,0.47115384615384615,1
image_0640,0.5817307692307693,0.4639423076923077,0.6201923076923077,0.5,1
image_0640,0.5528846153846154,0.4879807692307692,0.5889423076923077,0.5264423076923077,1
image_0640,0.5216346153846154,0.5144230769230769,0.5649038461538461,0.5480769230769231,1
image_0640,0.5048076923076923,0.5384615384615384,0.5360576923076923,0.5745192307692307,1
image_0640,0.6129807692307693,0.4855769230769231,0.6586538461538461,0.5192307692307693,1
image_0640,0.5841346153846154,0.5120192307692307,0.6298076923076923,0.5456730769230769,1
image_0640,0.5649038461538461,0.5432692307692307,0.5985576923076923,0.5721153846153846,1
image_0640,0.53125,0.5576923076923077,0.5697115384615384,0.5985576923076923,1
image_0640,0.6466346153846154,0.5096153846153846,0.6971153846153846,0.5432692307692307,1
image_0640,0.625,0.5360576923076923,0.6634615384615384,0.5649038461538461,1
image_0640,0.59375,0.5600961538461539,0.6370192307692307,0.59375,1
image_0640,0.5649038461538461,0.5889423076923077,0.6033653846153846,0.625,1
image_0640,0.6923076923076923,0.53125,0.7259615384615384,0.5721153846153846,1
image_0640,0.6538461538461539,0.5552884615384616,0.6995192307692307,0.5961538461538461,1
image_0640,0.6346153846153846,0.5865384615384616,0.6706730769230769,0.6201923076923077,1
image_0640,0.6081730769230769,0.6105769230769231,0.6370192307692307,0.6442307692307693,1
image_0640,0.7211538461538461,0.5552884615384616,0.7764423076923077,0.5961538461538461,1
image_0640,0.6947115384615384,0.5865384615384616,0.7379807692307693,0.625,1
image_0640,0.6634615384615384,0.6057692307692307,0.7091346153846154,0.6418269230769231,1
image_0640,0.6346153846153846,0.6346153846153846,0.6754807692307693,0.6658653846153846,1
image_0247,0.3888888888888889,0.30671296296296297,0.7239583333333334,0.6284722222222222,0
image_0618,0.08653846153846154,0.10096153846153846,0.8822115384615384,0.8701923076923077,1
image_0609,0.03125,0.03365384615384615,0.9543269230769231,0.9134615384615384,1
image_0019,0.203125,0.13216145833333334,0.79736328125,0.96484375,0
image_0521,0.4807692307692308,0.53125,0.5649038461538461,0.5889423076923077,1
image_0030,0.27294921875,0.3248697916666667,0.69970703125,0.671875,0
image_0334,0.05712365591397849,0.07482078853046595,0.5934139784946236,0.5833333333333334,0
image_0448,0.13942307692307693,0.3894230769230769,0.43990384615384615,0.6129807692307693,1
image_0448,0.6682692307692307,0.40625,0.8125,0.5192307692307693,1
image_0448,0.5841346153846154,0.5865384615384616,0.7524038461538461,0.7139423076923077,1
image_0419,0.24278846153846154,0.375,0.4735576923076923,0.5432692307692307,1
image_0419,0.6225961538461539,0.36538461538461536,0.7355769230769231,0.4495192307692308,1
image_0419,0.5841346153846154,0.5024038461538461,0.7043269230769231,0.5985576923076923,1
image_0346,0.18111559139784947,0.3207885304659498,0.8323252688172043,0.6729390681003584,0
image_0459,0.22355769230769232,0.41346153846153844,0.4879807692307692,0.6201923076923077,1
image_0459,0.6850961538461539,0.4182692307692308,0.8245192307692307,0.5288461538461539,1
image_0459,0.6201923076923077,0.5889423076923077,0.7716346153846154,0.7043269230769231,1
image_0808,0.29086538461538464,0.5408653846153846,0.7043269230769231,0.8173076923076923,1
image_0808,0.4230769230769231,0.33413461538461536,0.5769230769230769,0.4254807692307692,1
image_0808,0.6682692307692307,0.3701923076923077,0.8365384615384616,0.4831730769230769,1
image_0204,0.3550347222222222,0.41782407407407407,0.6918402777777778,0.6747685185185185,0
image_0430,0.3245192307692308,0.22115384615384615,0.49759615384615385,0.35096153846153844,1
image_0430,0.5841346153846154,0.2091346153846154,0.6754807692307693,0.27163461538461536,1
image_0430,0.5697115384615384,0.30528846153846156,0.6610576923076923,0.38221153846153844,1
image_0592,0.5480769230769231,0.15144230769230768,0.71875,0.5264423076923077,0
image_0592,0.13221153846153846,0.3798076923076923,0.4807692307692308,0.6923076923076923,1
image_0440,0.2283653846153846,0.43028846153846156,0.49759615384615385,0.625,1
image_0440,0.7019230769230769,0.4423076923076923,0.8221153846153846,0.5384615384615384,1
image_0440,0.6274038461538461,0.6033653846153846,0.78125,0.71875,1
image_0140,0.4270833333333333,0.42476851851851855,0.6666666666666666,0.5960648148148148,0
image_0345,0.21236559139784947,0.1863799283154122,0.7338709677419355,0.9229390681003584,0
image_0384,0.5528846153846154,0.5264423076923077,0.6971153846153846,0.6370192307692307,0
image_0384,0.5024038461538461,0.5865384615384616,0.5552884615384616,0.6442307692307693,0
image_0384,0.0985576923076923,0.34375,0.5120192307692307,0.9639423076923077,1
image_0763,0.5024038461538461,0.3605769230769231,0.5600961538461539,0.5913461538461539,1
image_0815,0.17307692307692307,0.5985576923076923,0.41346153846153844,0.7644230769230769,1
image_0815,0.5480769230769231,0.6634615384615384,0.7620192307692307,0.8173076923076923,1
image_0815,0.39663461538461536,0.3269230769230769,0.7115384615384616,0.49759615384615385,1
image_0332,0.2506720430107527,0.14740143369175626,0.7523521505376344,0.7732974910394266,0
image_0742,0.0985576923076923,0.09615384615384616,0.9110576923076923,0.9278846153846154,1
image_0682,0.41346153846153844,0.4375,0.6466346153846154,0.6105769230769231,1
image_0018,0.25927734375,0.279296875,0.7265625,0.748046875,0
image_0190,0.3854166666666667,0.3761574074074074,0.6631944444444444,0.6539351851851852,0
image_0750,0.39903846153846156,0.42788461538461536,0.6057692307692307,0.6899038461538461,1
image_0333,0.06048387096774194,0.39157706093189965,0.5611559139784946,0.8055555555555556,0
image_0563,0.15625,0.1466346153846154,0.8173076923076923,0.8533653846153846,1
image_0294,0.3619791666666667,0.4074074074074074,0.6848958333333334,0.6331018518518519,0
image_0588,0.2980769230769231,0.34134615384615385,0.6802884615384616,0.7836538461538461,1
image_0796,0.375,0.25,0.7331730769230769,0.5240384615384616,1
image_0796,0.3894230769230769,0.6298076923076923,0.6009615384615384,0.7980769230769231,1
image_0796,0.6706730769230769,0.6201923076923077,0.8605769230769231,0.7692307692307693,1
image_0000,0.27875,0.27,0.713125,0.8083333333333333,0
image_0108,0.26375,0.37916666666666665,0.78125,0.6775,0
image_0757,0.36778846153846156,0.38461538461538464,0.5,0.6274038461538461,1
image_0577,0.27403846153846156,0.5480769230769231,0.6153846153846154,0.7956730769230769,1
image_0582,0.46875,0.4375,0.5745192307692307,0.5168269230769231,1
image_0668,0.4495192307692308,0.4879807692307692,0.5865384615384616,0.6418269230769231,1
image_0668,0.15384615384615385,0.5649038461538461,0.24278846153846154,0.6682692307692307,0
image_0668,0.03125,0.5048076923076923,0.17067307692307693,0.6490384615384616,0
image_0361,0.2006048387096774,0.33154121863799285,0.71875,0.7423835125448028,0
image_0514,0.5024038461538461,0.41346153846153844,0.7956730769230769,0.7067307692307693,1
image_0614,0.04567307692307692,0.02403846153846154,0.9326923076923077,0.9014423076923077,1
image_0282,0.3168402777777778,0.3101851851851852,0.6710069444444444,0.5925925925925926,0
image_0157,0.3819444444444444,0.41203703703703703,0.6232638888888888,0.6238425925925926,0
image_0779,0.4735576923076923,0.3293269230769231,0.5649038461538461,0.6105769230769231,1
image_0781,0.14903846153846154,0.4567307692307692,0.5384615384615384,0.7451923076923077,1
image_0781,0.6586538461538461,0.375,0.84375,0.5048076923076923,1
image_0781,0.6682692307692307,0.5721153846153846,0.8918269230769231,0.7259615384615384,1
image_0735,0.0985576923076923,0.09615384615384616,0.9110576923076923,0.9278846153846154,1
image_0491,0.14423076923076922,0.43028846153846156,0.4567307692307692,0.9302884615384616,1
image_0802,0.11057692307692307,0.4326923076923077,0.5408653846153846,0.7211538461538461,1
image_0802,0.6298076923076923,0.36538461538461536,0.8173076923076923,0.47596153846153844,1
image_0802,0.6923076923076923,0.5024038461538461,0.9447115384615384,0.6875,1
image_0293,0.3272569444444444,0.38773148148148145,0.6163194444444444,0.6296296296296297,0
image_0649,0.06490384615384616,0.040865384615384616,0.9447115384615384,0.9783653846153846,1
image_0403,0.25,0.2692307692307692,0.7740384615384616,0.6153846153846154,1
image_0719,0.18269230769230768,0.17307692307692307,0.8725961538461539,0.7716346153846154,1
image_0022,0.19873046875,0.3151041666666667,0.8193359375,0.791015625,0
image_0026,0.23583984375,0.2669270833333333,0.7099609375,0.767578125,0
image_0026,0.52197265625,0.001953125,0.61962890625,0.11653645833333333,1
image_0191,0.3680555555555556,0.37962962962962965,0.6423611111111112,0.6539351851851852,0
image_0567,0.5697115384615384,0.40865384615384615,0.9014423076923077,1.0,0
image_0567,0.96875,0.8221153846153846,1.0,1.0,0
image_0567,0.3125,0.2980769230769231,0.6899038461538461,0.8221153846153846,1
image_0697,0.34375,0.44711538461538464,0.6466346153846154,0.7379807692307693,1
image_0833,0.0985576923076923,0.09615384615384616,0.9014423076923077,0.90625,1
image_0780,0.4831730769230769,0.34615384615384615,0.5673076923076923,0.5985576923076923,1
image_0118,0.3819444444444444,0.41087962962962965,0.6649305555555556,0.5752314814814815,0
image_0337,0.2133736559139785,0.2647849462365591,0.6827956989247311,0.8413978494623656,0
image_0353,0.1485215053763441,0.2217741935483871,0.6293682795698925,0.6155913978494624,0
image_0485,0.021634615384615384,0.4423076923076923,0.9158653846153846,0.9663461538461539,1
image_0341,0.259744623655914,0.20922939068100357,0.8541666666666666,0.6451612903225806,0
image_0778,0.4519230769230769,0.3125,0.5697115384615384,0.6105769230769231,1
image_0822,0.0985576923076923,0.15625,0.5144230769230769,0.47115384615384615,1
image_0822,0.8317307692307693,0.15144230769230768,1.0,0.3076923076923077,1
image_0822,0.7355769230769231,0.4206730769230769,0.9879807692307693,0.6153846153846154,1
image_0647,0.04326923076923077,0.038461538461538464,0.9759615384615384,0.9567307692307693,1
image_0487,0.0673076923076923,0.3942307692307692,0.9399038461538461,0.9134615384615384,1
image_0658,0.13221153846153846,0.17307692307692307,0.4326923076923077,0.6201923076923077,1
image_0658,0.3557692307692308,0.46875,0.6634615384615384,1.0,1
image_0439,0.20192307692307693,0.4230769230769231,0.46153846153846156,0.625,1
image_0439,0.6706730769230769,0.4375,0.8004807692307693,0.5384615384615384,1
image_0439,0.5961538461538461,0.59375,0.7475961538461539,0.7139423076923077,1
image_0426,0.12740384615384615,0.14423076923076922,0.35096153846153844,0.32211538461538464,1
image_0426,0.4951923076923077,0.18269230769230768,0.5961538461538461,0.27403846153846156,1
image_0426,0.43028846153846156,0.3076923076923077,0.5432692307692307,0.39663461538461536,1
image_0147,0.3828125,0.3761574074074074,0.6076388888888888,0.5567129629629629,0
image_0342,0.22379032258064516,0.44713261648745517,0.7604166666666666,0.7517921146953405,0
image_0338,0.10584677419354839,0.11379928315412187,0.7788978494623656,1.0,0
image_0205,0.2578125,0.23148148148148148,0.7361111111111112,0.6631944444444444,0
image_0477,0.0889423076923077,0.14182692307692307,0.9326923076923077,0.7716346153846154,1
image_0848,0.08413461538461539,0.0889423076923077,0.9110576923076923,0.9278846153846154,1
image_0608,0.026442307692307692,0.055288461538461536,0.9831730769230769,0.9134615384615384,1
image_0027,0.16259765625,0.17252604166666666,0.775390625,0.7708333333333334,0
image_0027,0.74951171875,0.0006510416666666666,0.8671875,0.13997395833333334,1
image_0023,0.15673828125,0.20052083333333334,0.8125,0.9459635416666666,0
image_0499,0.35336538461538464,0.45913461538461536,0.6346153846153846,0.6682692307692307,1
image_0813,0.18269230769230768,0.375,0.3557692307692308,0.4807692307692308,1
image_0813,0.13701923076923078,0.5432692307692307,0.3269230769230769,0.6706730769230769,1
image_0813,0.5240384615384616,0.39903846153846156,0.9038461538461539,0.6105769230769231,1
image_0824,0.002403846153846154,0.40384615384615385,0.3389423076923077,0.7379807692307693,1
image_0824,0.6802884615384616,0.41346153846153844,0.9038461538461539,0.5865384615384616,1
image_0824,0.5432692307692307,0.6995192307692307,0.8125,0.9158653846153846,1
image_0246,0.328125,0.27199074074074076,0.6814236111111112,0.6064814814814815,0
image_0707,0.18269230769230768,0.20673076923076922,0.6682692307692307,0.7043269230769231,1
image_0707,0.002403846153846154,0.002403846153846154,0.19471153846153846,0.8581730769230769,0
image_0622,0.07211538461538461,0.10817307692307693,0.9423076923076923,0.8725961538461539,1
image_0741,0.0985576923076923,0.09615384615384616,0.9110576923076923,0.9278846153846154,1
image_0133,0.2682291666666667,0.4270833333333333,0.6736111111111112,0.6469907407407407,0
image_0703,0.20432692307692307,0.040865384615384616,0.8485576923076923,0.7259615384615384,1
image_0673,0.3076923076923077,0.3245192307692308,0.6850961538461539,0.90625,1
image_0673,0.6802884615384616,0.5600961538461539,0.8293269230769231,0.6394230769230769,0
image_0498,0.34615384615384615,0.3629807692307692,0.6586538461538461,0.6129807692307693,1
image_0238,0.3038194444444444,0.2534722222222222,0.6779513888888888,0.7141203703703703,0
image_0791,0.18990384615384615,0.4375,0.38221153846153844,0.5793269230769231,1
image_0791,0.2620192307692308,0.6394230769230769,0.4375,0.7716346153846154,1
image_0791,0.5288461538461539,0.38461538461538464,0.8942307692307693,0.6442307692307693,1
image_0402,0.08653846153846154,0.47836538461538464,0.37259615384615385,0.6923076923076923,1
image_0402,0.5576923076923077,0.6586538461538461,0.8557692307692307,0.875,1
image_0726,0.19230769230769232,0.21875,0.8461538461538461,0.7932692307692307,1
image_0466,0.05048076923076923,0.24759615384615385,0.9759615384615384,0.9158653846153846,1
image_0654,0.08413461538461539,0.08413461538461539,0.9182692307692307,0.9182692307692307,1
image_0160,0.296875,0.29976851851851855,0.6536458333333334,0.7048611111111112,0
image_0665,0.30288461538461536,0.25721153846153844,0.6009615384615384,0.6225961538461539,1
image_0212,0.1892361111111111,0.25,0.6545138888888888,0.5138888888888888,0
image_0733,0.0985576923076923,0.09615384615384616,0.9110576923076923,0.9278846153846154,1
image_0221,0.2960069444444444,0.4212962962962963,0.609375,0.6122685185185185,0
image_0714,0.15384615384615385,0.16346153846153846,0.4831730769230769,0.6370192307692307,1
image_0714,0.6081730769230769,0.2644230769230769,0.9326923076923077,0.7379807692307693,1
image_0464,0.03125,0.18509615384615385,0.8918269230769231,0.8389423076923077,1
image_0663,0.39663461538461536,0.15625,0.6971153846153846,0.7379807692307693,1
image_0482,0.06009615384615385,0.41346153846153844,0.9326923076923077,0.8990384615384616,1
image_0121,0.4045138888888889,0.4363425925925926,0.6440972222222222,0.5787037037037037,0
image_0502,0.43509615384615385,0.33413461538461536,0.6490384615384616,0.5192307692307693,1
image_0502,0.4639423076923077,0.5793269230769231,0.625,0.6947115384615384,1
image_0393,0.18990384615384615,0.2644230769230769,0.30288461538461536,0.4110576923076923,1
image_0469,0.04567307692307692,0.18509615384615385,0.9014423076923077,0.8173076923076923,1
image_0619,0.06009615384615385,0.08173076923076923,0.9206730769230769,0.8942307692307693,1
image_0195,0.3732638888888889,0.3854166666666667,0.6475694444444444,0.6481481481481481,0
image_0645,0.06490384615384616,0.021634615384615384,0.9447115384615384,0.9302884615384616,1
image_0644,0.03365384615384615,0.0985576923076923,0.9254807692307693,0.9543269230769231,1
image_0381,0.23219086021505375,0.28808243727598565,0.8219086021505376,0.7208781362007168,0
image_0425,0.11298076923076923,0.23557692307692307,0.3293269230769231,0.3942307692307692,1
image_0425,0.4639423076923077,0.24759615384615385,0.5697115384615384,0.33653846153846156,1
image_0425,0.4230769230769231,0.3701923076923077,0.5336538461538461,0.4639423076923077,1
image_0630,0.12740384615384615,0.0985576923076923,0.8413461538461539,0.8341346153846154,1
image_0187,0.3090277777777778,0.36921296296296297,0.6892361111111112,0.5682870370370371,0
image_0534,0.07932692307692307,0.35096153846153844,0.31009615384615385,0.6322115384615384,1
image_0534,0.39903846153846156,0.3581730769230769,0.6105769230769231,0.6346153846153846,1
image_0534,0.71875,0.3629807692307692,0.9326923076923077,0.6442307692307693,1
image_0740,0.0985576923076923,0.09615384615384616,0.9110576923076923,0.9278846153846154,1
image_0568,0.42788461538461536,0.3605769230769231,0.6850961538461539,0.7067307692307693,1
image_0568,0.6826923076923077,0.3629807692307692,0.84375,1.0,0
image_0568,0.9879807692307693,0.4230769230769231,1.0,0.6995192307692307,0
image_0025,0.26611328125,0.349609375,0.69970703125,0.6901041666666666,0
image_0025,0.63232421875,0.083984375,0.71240234375,0.197265625,1
image_0530,0.2860576923076923,0.43990384615384615,0.5913461538461539,0.7259615384615384,1
image_0530,0.002403846153846154,0.8653846153846154,0.4855769230769231,1.0,0
image_0021,0.1708984375,0.162109375,0.849609375,0.98046875,0
image_0512,0.4951923076923077,0.5240384615384616,0.6346153846153846,0.6322115384615384,1
image_0016,0.32875,0.325,0.67375,0.7708333333333334,0
image_0227,0.3177083333333333,0.33217592592592593,0.6597222222222222,0.7731481481481481,0
image_0329,0.13004032258064516,0.28987455197132617,0.6989247311827957,0.850358422939068,0
image_0841,0.08413461538461539,0.09134615384615384,0.9134615384615384,0.90625,1
image_0340,0.2610887096774194,0.5474910394265233,0.9018817204301075,0.9139784946236559,0
image_0611,0.08413461538461539,0.12259615384615384,0.8966346153846154,0.8533653846153846,1
image_0336,0.1485215053763441,0.05017921146953405,0.8390456989247311,0.8490143369175627,0
image_0378,0.19858870967741934,0.30062724014336917,0.6851478494623656,0.6742831541218638,0
image_0737,0.0985576923076923,0.09615384615384616,0.9110576923076923,0.9278846153846154,1
image_0379,0.1381048387096774,0.30062724014336917,0.6549059139784946,0.7410394265232975,0
image_0811,0.0673076923076923,0.4543269230769231,0.27884615384615385,0.59375,1
image_0811,0.25961538461538464,0.33653846153846156,0.4735576923076923,0.4543269230769231,1
image_0811,0.4519230769230769,0.46875,0.8677884615384616,0.7644230769230769,1
image_0209,0.3506944444444444,0.3055555555555556,0.8229166666666666,0.6342592592592593,0
image_0167,0.2743055555555556,0.35185185185185186,0.6258680555555556,0.5590277777777778,0
image_0501,0.3629807692307692,0.34134615384615385,0.6706730769230769,0.5649038461538461,1
image_0335,0.39314516129032256,0.31765232974910396,0.9146505376344086,0.8364695340501792,0
image_0328,0.15793010752688172,0.16442652329749105,0.7708333333333334,0.646505376344086,0
image_0015,0.35625,0.3575,0.661875,0.6691666666666667,0
image_0263,0.3098958333333333,0.3090277777777778,0.7717013888888888,0.6203703703703703,0
image_0579,0.30528846153846156,0.2668269230769231,0.6225961538461539,0.7620192307692307,1
image_0020,0.21484375,0.18489583333333334,0.8369140625,0.6901041666666666,0
image_0135,0.328125,0.4270833333333333,0.6328125,0.5682870370370371,0
image_0838,0.06490384615384616,0.06490384615384616,0.9423076923076923,0.9399038461538461,1
image_0625,0.06490384615384616,0.026442307692307692,0.9879807692307693,0.9519230769230769,1
image_0259,0.3272569444444444,0.25,0.7083333333333334,0.6342592592592593,0
image_0242,0.2855902777777778,0.36921296296296297,0.6189236111111112,0.6817129629629629,0
image_0478,0.06490384615384616,0.40625,0.9423076923076923,0.9110576923076923,1
image_0129,0.3168402777777778,0.4166666666666667,0.5729166666666666,0.6192129629629629,0
image_0807,0.1875,0.49278846153846156,0.6466346153846154,0.8221153846153846,1
image_0807,0.4735576923076923,0.3245192307692308,0.6418269230769231,0.40384615384615385,1
image_0807,0.6850961538461539,0.39663461538461536,0.8822115384615384,0.5336538461538461,1
image_0629,0.10336538461538461,0.07211538461538461,0.9206730769230769,0.8990384615384616,1
image_0772,0.37740384615384615,0.28846153846153844,0.5576923076923077,0.6105769230769231,1
image_0178,0.3524305555555556,0.3194444444444444,0.6579861111111112,0.5381944444444444,0
image_0490,0.24519230769230768,0.6706730769230769,0.375,1.0,0
image_0490,0.3581730769230769,0.2620192307692308,0.5865384615384616,0.6586538461538461,1
image_0771,0.34615384615384615,0.2860576923076923,0.5480769230769231,0.6129807692307693,1
image_0270,0.3871527777777778,0.30092592592592593,0.71875,0.5648148148148148,0
image_0150,0.3576388888888889,0.4409722222222222,0.5572916666666666,0.5960648148148148,0
image_0578,0.21153846153846154,0.375,0.7596153846153846,0.7884615384615384,1
image_0830,0.20432692307692307,0.19471153846153846,0.8028846153846154,0.8629807692307693,1
image_0636,0.16105769230769232,0.125,0.2283653846153846,0.18028846153846154,1
image_0636,0.25,0.13701923076923078,0.3173076923076923,0.18990384615384615,1
image_0636,0.34134615384615385,0.15144230769230768,0.40865384615384615,0.20432692307692307,1
image_0636,0.43028846153846156,0.16346153846153846,0.49759615384615385,0.21875,1
image_0636,0.14423076923076922,0.19230769230769232,0.2091346153846154,0.25240384615384615,1
image_0636,0.23317307692307693,0.20192307692307693,0.2956730769230769,0.25961538461538464,1
image_0636,0.32211538461538464,0.21875,0.3870192307692308,0.27163461538461536,1
image_0636,0.41346153846153844,0.23076923076923078,0.4831730769230769,0.29086538461538464,1
image_0636,0.12259615384615384,0.25721153846153844,0.18990384615384615,0.31490384615384615,1
image_0636,0.21634615384615385,0.27403846153846156,0.28125,0.3269230769230769,1
image_0636,0.30528846153846156,0.28365384615384615,0.36778846153846156,0.3389423076923077,1
image_0636,0.3918269230769231,0.2932692307692308,0.4639423076923077,0.35336538461538464,1
image_0636,0.10576923076923077,0.3269230769230769,0.17067307692307693,0.38461538461538464,1
image_0636,0.19471153846153846,0.3389423076923077,0.2620192307692308,0.39903846153846156,1
image_0636,0.2860576923076923,0.3557692307692308,0.35096153846153844,0.4110576923076923,1
image_0636,0.3701923076923077,0.36778846153846156,0.4423076923076923,0.4206730769230769,1
image_0636,0.0889423076923077,0.40384615384615385,0.15144230769230768,0.4495192307692308,1
image_0636,0.17307692307692307,0.4014423076923077,0.24519230769230768,0.46875,1
image_0636,0.2668269230769231,0.4206730769230769,0.33413461538461536,0.4831730769230769,1
image_0636,0.3605769230769231,0.43509615384615385,0.42788461538461536,0.49278846153846156,1
image_0636,0.6490384615384616,0.20432692307692307,0.7307692307692307,0.2692307692307692,1
image_0636,0.7331730769230769,0.23076923076923078,0.8125,0.3004807692307692,1
image_0636,0.8197115384615384,0.2620192307692308,0.9014423076923077,0.3293269230769231,1
image_0636,0.90625,0.28846153846153844,0.9903846153846154,0.3629807692307692,1
image_0636,0.6081730769230769,0.2644230769230769,0.6923076923076923,0.3317307692307692,1
image_0636,0.6923076923076923,0.2932692307692308,0.7740384615384616,0.3629807692307692,1
image_0636,0.7764423076923077,0.3293269230769231,0.8533653846153846,0.38461538461538464,1
image_0636,0.8653846153846154,0.3605769230769231,0.9423076923076923,0.42788461538461536,1
image_0636,0.5600961538461539,0.3245192307692308,0.6514423076923077,0.3918269230769231,1
image_0636,0.6466346153846154,0.3605769230769231,0.7307692307692307,0.43028846153846156,1
image_0636,0.7331730769230769,0.3918269230769231,0.8173076923076923,0.4567307692307692,1
image_0636,0.8100961538461539,0.4206730769230769,0.8990384615384616,0.4855769230769231,1
image_0636,0.5192307692307693,0.3894230769230769,0.6033653846153846,0.4495192307692308,1
image_0636,0.6033653846153846,0.4254807692307692,0.6899038461538461,0.4831730769230769,1
image_0636,0.6899038461538461,0.4543269230769231,0.7740384615384616,0.5168269230769231,1
image_0636,0.7740384615384616,0.4807692307692308,0.8557692307692307,0.5552884615384616,1
image_0636,0.4831730769230769,0.4519230769230769,0.5600961538461539,0.5168269230769231,1
image_0636,0.5649038461538461,0.49038461538461536,0.6418269230769231,0.5480769230769231,1
image_0636,0.6490384615384616,0.5192307692307693,0.7307692307692307,0.5793269230769231,1
image_0636,0.7355769230769231,0.5480769230769231,0.8149038461538461,0.6153846153846154,1
image_0636,0.2980769230769231,0.5240384615384616,0.3870192307692308,0.5985576923076923,1
image_0636,0.23076923076923078,0.5697115384615384,0.31490384615384615,0.6418269230769231,1
image_0636,0.15625,0.6105769230769231,0.24759615384615385,0.6850961538461539,1
image_0636,0.09134615384615384,0.65625,0.1778846153846154,0.7211538461538461,1
image_0636,0.3557692307692308,0.5793269230769231,0.4423076923076923,0.6466346153846154,1
image_0636,0.2860576923076923,0.6225961538461539,0.375,0.6899038461538461,1
image_0636,0.21394230769230768,0.6658653846153846,0.30528846153846156,0.7379807692307693,1
image_0636,0.14423076923076922,0.7163461538461539,0.2283653846153846,0.7836538461538461,1
image_0636,0.41346153846153844,0.6322115384615384,0.5048076923076923,0.6995192307692307,1
image_0636,0.34615384615384615,0.6850961538461539,0.4254807692307692,0.7524038461538461,1
image_0636,0.27403846153846156,0.7211538461538461,0.3557692307692308,0.7908653846153846,1
image_0636,0.20192307692307693,0.7692307692307693,0.29086538461538464,0.8269230769230769,1
image_0636,0.47115384615384615,0.6875,0.5673076923076923,0.7572115384615384,1
image_0636,0.4014423076923077,0.7331730769230769,0.4855769230769231,0.8004807692307693,1
image_0636,0.3317307692307692,0.78125,0.4182692307692308,0.84375,1
image_0636,0.25721153846153844,0.8221153846153846,0.34615384615384615,0.8870192307692307,1
image_0636,0.53125,0.7427884615384616,0.6153846153846154,0.8125,1
image_0636,0.4543269230769231,0.7884615384615384,0.5480769230769231,0.8557692307692307,1
image_0636,0.3918269230769231,0.8293269230769231,0.46875,0.8966346153846154,1
image_0636,0.32211538461538464,0.875,0.40625,0.9447115384615384,1
image_0224,0.3932291666666667,0.35300925925925924,0.7100694444444444,0.6261574074074074,0
image_0751,0.3942307692307692,0.4254807692307692,0.5865384615384616,0.6778846153846154,1
image_0453,0.34615384615384615,0.36778846153846156,0.40625,0.41346153846153844,1
image_0453,0.4567307692307692,0.36778846153846156,0.4855769230769231,0.3918269230769231,1
image_0453,0.4375,0.40384615384615385,0.4735576923076923,0.4326923076923077,1
image_0120,0.3585069444444444,0.40162037037037035,0.6501736111111112,0.5601851851851852,0
image_0676,0.6971153846153846,0.47836538461538464,0.8413461538461539,0.5961538461538461,0
image_0676,0.39663461538461536,0.3485576923076923,0.7067307692307693,0.8485576923076923,1
image_0505,0.2283653846153846,0.07932692307692307,0.6682692307692307,0.4519230769230769,1
image_0505,0.27403846153846156,0.6129807692307693,0.6201923076923077,0.84375,1
image_0192,0.3645833333333333,0.34375,0.65625,0.6342592592592593,0
image_0667,0.28125,0.3894230769230769,0.5192307692307693,0.6778846153846154,1
image_0598,0.17307692307692307,0.18028846153846154,0.8317307692307693,0.7836538461538461,1
image_0357,0.2217741935483871,0.2078853046594982,0.7429435483870968,0.657258064516129,0
image_0188,0.2890625,0.3460648148148148,0.6848958333333334,0.5694444444444444,0
image_0024,0.2685546875,0.130859375,0.84521484375,0.8704427083333334,0
image_0447,0.1658653846153846,0.40384615384615385,0.4567307692307692,0.6177884615384616,1
image_0447,0.6875,0.40865384615384615,0.8389423076923077,0.53125,1
image_0447,0.6057692307692307,0.6009615384615384,0.7764423076923077,0.7259615384615384,1
image_0651,0.03365384615384615,0.10096153846153846,0.9519230769230769,0.9278846153846154,1
image_0800,0.1466346153846154,0.38461538461538464,0.4879807692307692,0.59375,1
image_0800,0.7139423076923077,0.41346153846153844,0.8918269230769231,0.5216346153846154,1
image_0800,0.6658653846153846,0.5769230769230769,0.8870192307692307,0.7379807692307693,1
image_0013,0.20833333333333334,0.31375,0.7316666666666667,0.68875,0
image_0368,0.32022849462365593,0.09050179211469533,0.7973790322580645,0.396505376344086,0
image_0003,0.401875,0.3883333333333333,0.7175,0.5658333333333333,0
image_0003,0.026875,0.8191666666666667,0.1675,0.9691666666666666,0
image_0295,0.3758680555555556,0.4166666666666667,0.6371527777777778,0.5752314814814815,0
image_0325,0.1219758064516129,0.38082437275985664,0.706989247311828,0.8382616487455197,0
image_0310,0.2762096774193548,0.4551971326164875,0.7012768817204301,0.6729390681003584,0
image_0226,0.3133680555555556,0.2974537037037037,0.7022569444444444,0.7094907407407407,0
image_0365,0.19489247311827956,0.23879928315412186,0.6606182795698925,0.6554659498207885,0
image_0589,0.1971153846153846,0.25961538461538464,0.6466346153846154,0.6995192307692307,1
image_0699,0.19951923076923078,0.20673076923076922,0.7716346153846154,0.7764423076923077,1
image_0164,0.3055555555555556,0.37037037037037035,0.6579861111111112,0.6331018518518519,0
image_0422,0.27884615384615385,0.46634615384615385,0.5,0.6346153846153846,1
image_0422,0.6418269230769231,0.47596153846153844,0.7403846153846154,0.5600961538461539,1
image_0422,0.5913461538461539,0.6033653846153846,0.7115384615384616,0.6995192307692307,1
image_0278,0.3125,0.4131944444444444,0.6605902777777778,0.6331018518518519,0
image_0785,0.37259615384615385,0.33413461538461536,0.5144230769230769,0.4519230769230769,1
image_0785,0.6081730769230769,0.35336538461538464,0.7788461538461539,0.4831730769230769,1
image_0785,0.37740384615384615,0.5841346153846154,0.6971153846153846,0.8365384615384616,1
image_0339,0.28897849462365593,0.35304659498207885,0.7315188172043011,0.6868279569892473,0
image_0339,0.43010752688172044,0.00044802867383512545,0.824260752688172,0.08557347670250896,0
image_0146,0.3897569444444444,0.41782407407407407,0.6015625,0.6157407407407407,0
image_0683,0.40625,0.4423076923076923,0.5456730769230769,0.5432692307692307,1
image_0818,0.1346153846153846,0.38461538461538464,0.5360576923076923,0.6274038461538461,1
image_0818,0.7211538461538461,0.5216346153846154,0.8990384615384616,0.6514423076923077,1
image_0818,0.49759615384615385,0.6610576923076923,0.7788461538461539,0.8629807692307693,1
image_0324,0.07560483870967742,0.019265232974910396,0.6317204301075269,0.5058243727598566,0
image_0012,0.331875,0.33916666666666667,0.698125,0.7066666666666667,0
image_0508,0.4254807692307692,0.33653846153846156,0.6514423076923077,0.5144230769230769,1
image_0508,0.44711538461538464,0.5769230769230769,0.625,0.6947115384615384,1
image_0264,0.3333333333333333,0.31828703703703703,0.7473958333333334,0.5590277777777778,0
image_0792,0.13942307692307693,0.43509615384615385,0.3605769230769231,0.6033653846153846,1
image_0792,0.2692307692307692,0.6153846153846154,0.47836538461538464,0.7764423076923077,1
image_0792,0.46875,0.30288461538461536,0.8461538461538461,0.6105769230769231,1
image_0392,0.17307692307692307,0.11778846153846154,0.8605769230769231,0.8557692307692307,1
image_0297,0.3697916666666667,0.4351851851851852,0.6545138888888888,0.6030092592592593,0
image_0817,0.20432692307692307,0.3389423076923077,0.5697115384615384,0.5552884615384616,1
image_0817,0.6538461538461539,0.5408653846153846,0.8918269230769231,0.6947115384615384,1
image_0817,0.3605769230769231,0.6346153846153846,0.6466346153846154,0.84375,1
image_0256,0.3098958333333333,0.22106481481481483,0.6857638888888888,0.6192129629629629,0
image_0442,0.2403846153846154,0.40865384615384615,0.5024038461538461,0.6057692307692307,1
image_0442,0.7139423076923077,0.41346153846153844,0.8413461538461539,0.5192307692307693,1
image_0442,0.6298076923076923,0.5817307692307693,0.7860576923076923,0.6995192307692307,1
image_0820,0.10336538461538461,0.4807692307692308,0.4807692307692308,0.6923076923076923,1
image_0820,0.6995192307692307,0.4807692307692308,0.8846153846153846,0.59375,1
image_0820,0.6586538461538461,0.6538461538461539,0.8918269230769231,0.8341346153846154,1
image_0308,0.3854166666666667,0.38773148148148145,0.6857638888888888,0.5925925925925926,0
image_0484,0.007211538461538462,0.3894230769230769,0.9759615384615384,0.9783653846153846,1
image_0132,0.3142361111111111,0.42476851851851855,0.7170138888888888,0.6377314814814815,0
image_0105,0.18375,0.3575,0.758125,0.6908333333333333,0
image_0461,0.12740384615384615,0.23317307692307693,0.9278846153846154,0.8461538461538461,1
image_0179,0.3446180555555556,0.32523148148148145,0.6736111111111112,0.5729166666666666,0
image_0163,0.34375,0.39699074074074076,0.6631944444444444,0.5844907407407407,0
image_0148,0.3654513888888889,0.37962962962962965,0.5694444444444444,0.5370370370370371,0
image_0552,0.1778846153846154,0.3173076923076923,0.8076923076923077,0.8605769230769231,1
image_0552,0.4567307692307692,0.9591346153846154,0.9543269230769231,1.0,0
image_0272,0.3836805555555556,0.4444444444444444,0.6579861111111112,0.6053240740740741,0
image_0407,0.052884615384615384,0.12980769230769232,0.8942307692307693,0.8846153846153846,1
image_0407,0.002403846153846154,0.7451923076923077,0.5456730769230769,1.0,0
image_0103,0.160625,0.31583333333333335,0.791875,0.6783333333333333,0
image_0688,0.33653846153846156,0.4423076923076923,0.6466346153846154,0.6394230769230769,1
image_0284,0.3524305555555556,0.36689814814814814,0.7300347222222222,0.6111111111111112,0
image_0755,0.3798076923076923,0.36538461538461536,0.5480769230769231,0.6153846153846154,1
image_0627,0.08413461538461539,0.040865384615384616,0.9447115384615384,0.9134615384615384,1
image_0436,0.4807692307692308,0.4639423076923077,0.5408653846153846,0.5048076923076923,1
image_0436,0.5745192307692307,0.46153846153846156,0.6153846153846154,0.4879807692307692,1
image_0436,0.5697115384615384,0.49759615384615385,0.6033653846153846,0.5216346153846154,1
image_0292,0.34375,0.4398148148148148,0.6336805555555556,0.6076388888888888,0
image_0004,0.320625,0.435,0.68625,0.6416666666666667,0
image_0004,0.000625,0.935,0.068125,1.0,0
image_0311,0.15221774193548387,0.26971326164874554,0.7547043010752689,0.6111111111111112,0
image_0326,0.34206989247311825,0.13978494623655913,0.8938172043010753,0.6805555555555556,0
image_0394,0.27163461538461536,0.4182692307692308,0.53125,0.8245192307692307,1
image_0394,0.5865384615384616,0.43990384615384615,0.8413461538461539,0.8461538461538461,1
image_0376,0.1844758064516129,0.12275985663082438,0.8706317204301075,0.8673835125448028,0
image_0597,0.18990384615384615,0.19471153846153846,0.8100961538461539,0.7836538461538461,1
image_0281,0.3098958333333333,0.40162037037037035,0.6371527777777778,0.5914351851851852,0
image_0851,0.03365384615384615,0.03125,0.9615384615384616,0.96875,1
image_0538,0.34375,0.31490384615384615,0.7692307692307693,0.7788461538461539,1
image_0847,0.08413461538461539,0.08413461538461539,0.9134615384615384,0.9206730769230769,1
image_0206,0.2960069444444444,0.28125,0.7473958333333334,0.5034722222222222,0
image_0730,0.0985576923076923,0.09615384615384616,0.9110576923076923,0.9278846153846154,1
image_0327,0.1881720430107527,0.15367383512544802,0.7893145161290323,0.7997311827956989,0
image_0814,0.11778846153846154,0.49278846153846156,0.39903846153846156,0.6730769230769231,1
image_0814,0.2860576923076923,0.6778846153846154,0.5528846153846154,0.8774038461538461,1
image_0814,0.5192307692307693,0.37259615384615385,0.9230769230769231,0.6274038461538461,1
image_0795,0.31009615384615385,0.5432692307692307,0.47836538461538464,0.6947115384615384,1
image_0795,0.5697115384615384,0.625,0.71875,0.7451923076923077,1
image_0795,0.4855769230769231,0.25721153846153844,0.7451923076923077,0.46875,1
image_0312,0.24831989247311828,0.34991039426523296,0.751008064516129,0.6344086021505376,0
image_0014,0.338125,0.2941666666666667,0.72125,0.7391666666666666,0
image_0005,0.24583333333333332,0.36875,0.7858333333333334,0.709375,0
image_0724,0.11538461538461539,0.39903846153846156,0.4951923076923077,0.9134615384615384,1
image_0724,0.49759615384615385,0.0985576923076923,0.8365384615384616,0.5721153846153846,1
image_0245,0.2621527777777778,0.19560185185185186,0.6883680555555556,0.7094907407407407,0
image_0784,0.32211538461538464,0.5673076923076923,0.6418269230769231,0.8317307692307693,1
image_0784,0.4014423076923077,0.3004807692307692,0.5576923076923077,0.4375,1
image_0784,0.6346153846153846,0.3629807692307692,0.8245192307692307,0.5264423076923077,1
image_0309,0.4314236111111111,0.34837962962962965,0.7369791666666666,0.5196759259259259,0
image_0507,0.4807692307692308,0.18028846153846154,0.9206730769230769,0.5264423076923077,1
image_0507,0.32211538461538464,0.6201923076923077,0.6923076923076923,0.8485576923076923,1
image_0681,0.21634615384615385,0.39663461538461536,0.4206730769230769,0.7139423076923077,1
image_0790,0.24759615384615385,0.5649038461538461,0.38461538461538464,0.6754807692307693,1
image_0790,0.30528846153846156,0.3629807692307692,0.45913461538461536,0.4951923076923077,1
image_0790,0.6129807692307693,0.4519230769230769,0.9134615384615384,0.6802884615384616,1
image_0241,0.2960069444444444,0.2349537037037037,0.6545138888888888,0.6493055555555556,0
image_0260,0.3376736111111111,0.36689814814814814,0.7300347222222222,0.5833333333333334,0
image_0104,0.135625,0.3025,0.760625,0.6491666666666667,0
image_0114,0.2775,0.31,0.774375,0.6125,0
image_0362,0.1693548387096774,0.371415770609319,0.6549059139784946,0.7549283154121864,0
image_0535,0.46153846153846156,0.0985576923076923,0.6298076923076923,0.31009615384615385,1
image_0535,0.47596153846153844,0.38461538461538464,0.6442307692307693,0.6081730769230769,1
image_0535,0.46634615384615385,0.6947115384615384,0.6370192307692307,0.9086538461538461,1
image_0558,0.13221153846153846,0.23557692307692307,0.8798076923076923,0.9014423076923077,1
image_0693,0.4230769230769231,0.40625,0.4951923076923077,0.45913461538461536,1
image_0481,0.002403846153846154,0.3317307692307692,0.9302884615384616,0.9639423076923077,1
image_0388,0.18990384615384615,0.21153846153846154,0.7211538461538461,0.8076923076923077,1
image_0451,0.4639423076923077,0.4639423076923077,0.53125,0.5144230769230769,1
image_0451,0.5697115384615384,0.46875,0.5961538461538461,0.4879807692307692,1
image_0451,0.5528846153846154,0.5024038461538461,0.5913461538461539,0.5264423076923077,1
image_0359,0.26780913978494625,0.002240143369175627,0.688508064516129,0.42562724014336917,0
image_0159,0.3402777777777778,0.3576388888888889,0.640625,0.6423611111111112,0
image_0529,0.13701923076923078,0.12980769230769232,0.8533653846153846,0.8100961538461539,1
image_0210,0.3072916666666667,0.23148148148148148,0.6822916666666666,0.7314814814814815,0
image_0358,0.2644489247311828,0.39471326164874554,0.7395833333333334,0.7549283154121864,0
image_0358,0.3978494623655914,0.025537634408602152,0.8125,0.14157706093189965,0
image_0739,0.0985576923076923,0.09615384615384616,0.9110576923076923,0.9278846153846154,1
image_0472,0.03125,0.15384615384615385,0.9663461538461539,0.8846153846153846,1
image_0749,0.0985576923076923,0.09615384615384616,0.9110576923076923,0.9278846153846154,1
image_0240,0.3098958333333333,0.26273148148148145,0.7013888888888888,0.7638888888888888,0
image_0261,0.2925347222222222,0.2974537037037037,0.7960069444444444,0.5590277777777778,0
image_0111,0.20625,0.36083333333333334,0.7325,0.6566666666666666,0
image_0470,0.04326923076923077,0.12980769230769232,0.9254807692307693,0.7884615384615384,1
image_0607,0.13942307692307693,0.125,0.8581730769230769,0.8653846153846154,1
image_0244,0.2934027777777778,0.18981481481481483,0.7222222222222222,0.7418981481481481,0
image_0533,0.4543269230769231,0.5769230769230769,0.5721153846153846,0.6706730769230769,1
image_0494,0.35336538461538464,0.42788461538461536,0.7355769230769231,0.8028846153846154,1
image_0661,0.49759615384615385,0.23076923076923078,0.9326923076923077,0.9375,1
image_0764,0.3004807692307692,0.31971153846153844,0.6081730769230769,0.7307692307692307,1
image_0207,0.2960069444444444,0.3506944444444444,0.7473958333333334,0.5821759259259259,0
image_0593,0.4375,0.46153846153846156,0.6033653846153846,0.5817307692307693,1
image_0316,0.2620967741935484,0.42562724014336917,0.6875,0.6698028673835126,0
image_0323,0.1508736559139785,0.004032258064516129,0.6213037634408602,0.396505376344086,0
image_0280,0.3142361111111111,0.47800925925925924,0.6493055555555556,0.6805555555555556,0
image_0624,0.07692307692307693,0.057692307692307696,0.9375,0.9278846153846154,1
image_0518,0.35336538461538464,0.4543269230769231,0.5745192307692307,0.6370192307692307,1
image_0322,0.21001344086021506,0.22939068100358423,0.7442876344086021,0.8010752688172043,0
image_0315,0.2530241935483871,0.40725806451612906,0.7348790322580645,0.693100358422939,0
image_0806,0.1778846153846154,0.4495192307692308,0.625,0.7403846153846154,1
image_0806,0.5240384615384616,0.30288461538461536,0.6826923076923077,0.4014423076923077,1
image_0806,0.6875,0.3918269230769231,0.8990384615384616,0.5264423076923077,1
image_0655,0.10336538461538461,0.09615384615384616,0.8966346153846154,0.90625,1
image_0008,0.25125,0.41,0.6275,0.6383333333333333,0
image_0008,0.825,0.41,1.0,0.58,0
image_0008,0.2025,0.915,0.37625,1.0,0
image_0612,0.06009615384615385,0.04807692307692308,0.9831730769230769,0.9110576923076923,1
image_0155,0.3420138888888889,0.42939814814814814,0.5868055555555556,0.6053240740740741,0
image_0370,0.2530241935483871,0.2818100358422939,0.6979166666666666,0.635752688172043,0
image_0106,0.179375,0.3858333333333333,0.775625,0.7941666666666667,0
image_0110,0.21625,0.23083333333333333,0.846875,0.7016666666666667,0
image_0713,0.3293269230769231,0.22115384615384615,0.8293269230769231,0.6274038461538461,1
image_0718,0.19471153846153846,0.18028846153846154,0.8341346153846154,0.7451923076923077,1
image_0283,0.3385416666666667,0.3611111111111111,0.6753472222222222,0.625,0
image_0695,0.4639423076923077,0.3317307692307692,0.5865384615384616,0.45913461538461536,1
image_0695,0.4735576923076923,0.6706730769230769,0.6033653846153846,0.8052884615384616,1
image_0761,0.46875,0.3870192307692308,0.5552884615384616,0.6105769230769231,1
image_0711,0.1778846153846154,0.25961538461538464,0.78125,0.75,1
image_0635,0.040865384615384616,0.04326923076923077,0.9543269230769231,0.9471153846153846,1
image_0364,0.13239247311827956,0.20161290322580644,0.706989247311828,0.714605734767025,0
image_0271,0.3350694444444444,0.3194444444444444,0.6267361111111112,0.6238425925925926,0
image_0583,0.29086538461538464,0.3870192307692308,0.5120192307692307,0.5721153846153846,1
image_0583,0.5576923076923077,0.28365384615384615,0.6682692307692307,0.47596153846153844,0
image_0554,0.007211538461538462,0.8557692307692307,0.9182692307692307,1.0,0
image_0554,0.22355769230769232,0.2860576923076923,0.7932692307692307,0.8125,1
image_0180,0.3628472222222222,0.3472222222222222,0.6666666666666666,0.5601851851851852,0
image_0489,0.4567307692307692,0.40625,0.6610576923076923,0.7596153846153846,1
image_0489,0.32211538461538464,0.7956730769230769,0.46875,1.0,0
image_0162,0.3385416666666667,0.3229166666666667,0.6753472222222222,0.6539351851851852,0
image_0475,0.03365384615384615,0.1971153846153846,0.9711538461538461,0.9110576923076923,1
image_0131,0.3411458333333333,0.3993055555555556,0.5954861111111112,0.6122685185185185,0
image_0821,0.12980769230769232,0.125,0.4807692307692308,0.39663461538461536,1
image_0821,0.7644230769230769,0.10576923076923077,0.9639423076923077,0.24759615384615385,1
image_0821,0.6778846153846154,0.34375,0.9158653846153846,0.5096153846153846,1
image_0557,0.002403846153846154,0.8365384615384616,0.8365384615384616,1.0,0
image_0557,0.12740384615384615,0.21153846153846154,0.8245192307692307,0.8317307692307693,1
image_0112,0.17375,0.24,0.835625,0.765,0
image_0257,0.3515625,0.3414351851851852,0.7465277777777778,0.6018518518518519,0
image_0134,0.3168402777777778,0.42939814814814814,0.65625,0.6192129629629629,0
image_0298,0.3628472222222222,0.3761574074074074,0.6779513888888888,0.5983796296296297,0
image_0409,0.14423076923076922,0.17307692307692307,0.8461538461538461,0.8822115384615384,1
image_0010,0.3725,0.44583333333333336,0.63875,0.5925,0
image_0006,0.29875,0.42083333333333334,0.713125,0.6583333333333333,0
image_0006,0.000625,0.89,0.09125,1.0,0
image_0265,0.3489583333333333,0.3020833333333333,0.7717013888888888,0.6805555555555556,0
image_0827,0.3076923076923077,0.5817307692307693,0.4206730769230769,0.6706730769230769,1
image_0031,0.2216796875,0.265625,0.7705078125,0.7584635416666666,0
image_0277,0.2786458333333333,0.4525462962962963,0.6354166666666666,0.6539351851851852,0
image_0347,0.31216397849462363,0.34543010752688175,0.84375,0.657258064516129,0
image_0320,0.25638440860215056,0.32213261648745517,0.7036290322580645,0.6850358422939068,0
image_0313,0.16364247311827956,0.3826164874551971,0.7466397849462365,0.7051971326164874,0
image_0165,0.3203125,0.3599537037037037,0.6319444444444444,0.6909722222222222,0
image_0119,0.3376736111111111,0.36226851851851855,0.6710069444444444,0.5497685185185185,0
image_0805,0.18990384615384615,0.4855769230769231,0.6009615384615384,0.8004807692307693,1
image_0805,0.5192307692307693,0.34134615384615385,0.6923076923076923,0.4519230769230769,1
image_0805,0.6706730769230769,0.4375,0.8966346153846154,0.5865384615384616,1
image_0125,0.3723958333333333,0.32407407407407407,0.6579861111111112,0.5740740740740741,0
image_0756,0.36778846153846156,0.375,0.5192307692307693,0.6274038461538461,1
image_0314,0.14280913978494625,0.2217741935483871,0.75,0.681899641577061,0
image_0321,0.22278225806451613,0.32840501792114696,0.7036290322580645,0.6989247311827957,0
image_0225,0.3211805555555556,0.3715277777777778,0.6163194444444444,0.6886574074074074,0
image_0032,0.22998046875,0.18489583333333334,0.77197265625,0.8098958333333334,0
image_0445,0.21394230769230768,0.40865384615384615,0.4855769230769231,0.6009615384615384,1
image_0445,0.6802884615384616,0.40384615384615385,0.8197115384615384,0.5120192307692307,1
image_0445,0.6153846153846154,0.5721153846153846,0.7716346153846154,0.7043269230769231,1
image_0007,0.303125,0.2808333333333333,0.72125,0.685,0
image_0572,0.35096153846153844,0.3317307692307692,0.6682692307692307,0.7932692307692307,1
image_0011,0.410625,0.39916666666666667,0.66875,0.6058333333333333,0
image_0454,0.45913461538461536,0.47596153846153844,0.5336538461538461,0.5360576923076923,1
image_0454,0.5649038461538461,0.4855769230769231,0.6033653846153846,0.5144230769230769,1
image_0454,0.5625,0.5264423076923077,0.6081730769230769,0.5600961538461539,1
image_0509,0.24519230769230768,0.1778846153846154,0.7307692307692307,0.5697115384615384,1
image_0509,0.36778846153846156,0.7043269230769231,0.6850961538461539,0.9350961538461539,1
image_0496,0.35096153846153844,0.25240384615384615,0.6201923076923077,0.5913461538461539,1
image_0677,0.625,0.2692307692307692,0.7788461538461539,0.37740384615384615,1
image_0189,0.3619791666666667,0.2951388888888889,0.6883680555555556,0.6238425925925926,0
image_0113,0.15625,0.30333333333333334,0.803125,0.7483333333333333,0
image_0633,0.009615384615384616,0.16346153846153846,0.25961538461538464,0.8004807692307693,1
image_0633,0.34134615384615385,0.04567307692307692,0.6802884615384616,0.8918269230769231,1
image_0633,0.7307692307692307,0.09375,0.9831730769230769,0.71875,1
image_0107,0.22,0.3425,0.738125,0.6291666666666667,0
image_0193,0.3376736111111111,0.37037037037037035,0.6328125,0.6620370370370371,0
image_0389,0.4831730769230769,0.5528846153846154,0.5817307692307693,0.6322115384615384,1
image_0623,0.0889423076923077,0.06490384615384616,0.9543269230769231,0.9375,1
image_0433,0.22115384615384615,0.40865384615384615,0.4879807692307692,0.6225961538461539,1
image_0433,0.6826923076923077,0.4206730769230769,0.8221153846153846,0.5192307692307693,1
image_0433,0.6201923076923077,0.5865384615384616,0.7692307692307693,0.6971153846153846,1
image_0775,0.4375,0.3245192307692308,0.5697115384615384,0.6322115384615384,1
image_0223,0.3576388888888889,0.42476851851851855,0.6770833333333334,0.6006944444444444,0
image_0380,0.2157258064516129,0.396505376344086,0.7153897849462365,0.706989247311828,0
image_0517,0.43990384615384615,0.5745192307692307,0.6225961538461539,0.7211538461538461,1
image_0666,0.47596153846153844,0.30288461538461536,0.7860576923076923,0.6394230769230769,1
image_0666,0.002403846153846154,0.4326923076923077,0.07692307692307693,0.6322115384615384,0
image_0587,0.3004807692307692,0.28125,0.6105769230769231,0.7596153846153846,1
image_0101,0.3441666666666667,0.2825,0.69,0.696875,0
image_0760,0.4495192307692308,0.37740384615384615,0.5480769230769231,0.6153846153846154,1
image_0450,0.4735576923076923,0.46153846153846156,0.5480769230769231,0.5096153846153846,1
image_0450,0.5793269230769231,0.46153846153846156,0.6177884615384616,0.4855769230769231,1
image_0450,0.5649038461538461,0.49759615384615385,0.6033653846153846,0.5264423076923077,1
image_0078,0.099375,0.19583333333333333,0.806875,0.8083333333333333,0
image_0089,0.23625,0.2125,0.760625,0.7125,0
image_0374,0.2610887096774194,0.20161290322580644,0.7533602150537635,0.7114695340501792,0
image_0455,0.39903846153846156,0.40865384615384615,0.49038461538461536,0.47115384615384615,1
image_0455,0.53125,0.4182692307692308,0.5745192307692307,0.44711538461538464,1
image_0455,0.5240384615384616,0.4639423076923077,0.5697115384615384,0.49278846153846156,1
image_0286,0.2604166666666667,0.3506944444444444,0.6267361111111112,0.6261574074074074,0
image_0069,0.206875,0.19583333333333333,0.821875,0.7375,0
image_0788,0.23317307692307693,0.4639423076923077,0.40625,0.6105769230769231,1
image_0788,0.4014423076923077,0.3293269230769231,0.6201923076923077,0.5072115384615384,1
image_0788,0.5168269230769231,0.5504807692307693,0.8894230769230769,0.8581730769230769,1
image_0801,0.08413461538461539,0.4182692307692308,0.49038461538461536,0.6706730769230769,1
image_0801,0.6466346153846154,0.39663461538461536,0.8341346153846154,0.5024038461538461,1
image_0801,0.6466346153846154,0.5480769230769231,0.9086538461538461,0.7139423076923077,1
image_0062,0.2675,0.27416666666666667,0.78125,0.7283333333333334,0
image_0050,0.214375,0.13833333333333334,0.77875,0.8008333333333333,0
image_0050,0.820625,0.44416666666666665,0.935,0.5841666666666666,1
image_0603,0.15625,0.19471153846153846,0.78125,0.8149038461538461,1
image_0143,0.4114583333333333,0.36921296296296297,0.6232638888888888,0.5879629629629629,0
image_0650,0.08413461538461539,0.12980769230769232,0.8966346153846154,0.8894230769230769,1
image_0758,0.39903846153846156,0.38221153846153844,0.5120192307692307,0.6225961538461539,1
image_0643,0.019230769230769232,0.07211538461538461,0.9350961538461539,0.9519230769230769,1
image_0051,0.20125,0.21916666666666668,0.741875,0.8008333333333333,0
image_0051,0.68375,0.8175,0.78125,0.9441666666666667,1
image_0303,0.3732638888888889,0.4351851851851852,0.6744791666666666,0.6099537037037037,0
image_0063,0.274375,0.1775,0.7925,0.7833333333333333,0
image_0428,0.28846153846153844,0.4855769230769231,0.4735576923076923,0.6225961538461539,1
image_0428,0.5913461538461539,0.49038461538461536,0.6875,0.5625,1
image_0428,0.5408653846153846,0.5961538461538461,0.6538461538461539,0.6754807692307693,1
image_0360,0.19959677419354838,0.39919354838709675,0.6733870967741935,0.7455197132616488,0
image_0250,0.3802083333333333,0.36574074074074076,0.6649305555555556,0.6666666666666666,0
image_0268,0.3645833333333333,0.30439814814814814,0.703125,0.5173611111111112,0
image_0809,0.3245192307692308,0.3389423076923077,0.4639423076923077,0.4254807692307692,1
image_0809,0.5673076923076923,0.3629807692307692,0.7427884615384616,0.4543269230769231,1
image_0809,0.3293269230769231,0.5528846153846154,0.7355769230769231,0.8389423076923077,1
image_0431,0.3245192307692308,0.21875,0.5024038461538461,0.3485576923076923,1
image_0431,0.5841346153846154,0.20192307692307693,0.6730769230769231,0.27403846153846156,1
image_0431,0.5673076923076923,0.2980769230769231,0.6658653846153846,0.38221153846153844,1
image_0235,0.2890625,0.24189814814814814,0.6701388888888888,0.6423611111111112,0
image_0600,0.15625,0.21153846153846154,0.90625,0.8725961538461539,1
image_0835,0.06971153846153846,0.07211538461538461,0.9326923076923077,0.9326923076923077,1
image_0515,0.43990384615384615,0.5817307692307693,0.6298076923076923,0.7379807692307693,1
image_0090,0.284375,0.2575,0.753125,0.6758333333333333,0
image_0079,0.26375,0.31,0.710625,0.7066666666666667,0
image_0543,0.1658653846153846,0.8076923076923077,0.5576923076923077,1.0,0
image_0543,0.11538461538461539,0.9567307692307693,0.2403846153846154,1.0,0
image_0543,0.37740384615384615,0.6971153846153846,0.6201923076923077,0.8774038461538461,1
image_0844,0.06009615384615385,0.06009615384615385,0.9447115384615384,0.9495192307692307,1
image_0102,0.365,0.310625,0.7333333333333333,0.790625,0
image_0723,0.07211538461538461,0.37740384615384615,0.45913461538461536,0.8918269230769231,1
image_0723,0.5288461538461539,0.11778846153846154,0.9375,0.625,1
image_0626,0.06490384615384616,0.04567307692307692,0.9543269230769231,0.9110576923076923,1
image_0692,0.40625,0.4014423076923077,0.47836538461538464,0.4543269230769231,1
image_0218,0.3090277777777778,0.37037037037037035,0.6605902777777778,0.6284722222222222,0
image_0631,0.12740384615384615,0.11298076923076923,0.7836538461538461,0.8918269230769231,1
image_0659,0.33653846153846156,0.18269230769230768,0.53125,0.45913461538461536,1
image_0659,0.5721153846153846,0.17548076923076922,0.7884615384615384,0.4519230769230769,1
image_0414,0.13221153846153846,0.10817307692307693,0.8365384615384616,0.8557692307692307,1
image_0798,0.27884615384615385,0.2403846153846154,0.65625,0.5384615384615384,1
image_0798,0.7524038461538461,0.47115384615384615,0.9278846153846154,0.6225961538461539,1
image_0798,0.5120192307692307,0.5841346153846154,0.7548076923076923,0.7740384615384616,1
image_0674,0.7283653846153846,0.09615384615384616,0.8269230769230769,0.15625,0
image_0674,0.6971153846153846,0.125,0.7307692307692307,0.17307692307692307,0
image_0674,0.5528846153846154,0.1346153846153846,0.7067307692307693,0.34375,1
image_0080,0.26125,0.185,0.784375,0.7616666666666667,0
image_0123,0.328125,0.38425925925925924,0.6371527777777778,0.6446759259259259,0
image_0382,0.44711538461538464,0.23798076923076922,0.9519230769230769,0.9735576923076923,1
image_0198,0.3342013888888889,0.3101851851851852,0.6640625,0.6296296296296297,0
image_0511,0.4495192307692308,0.5480769230769231,0.5913461538461539,0.6586538461538461,1
image_0289,0.2916666666666667,0.3425925925925926,0.6475694444444444,0.5983796296296297,0
image_0408,0.1466346153846154,0.18509615384615385,0.8461538461538461,0.8942307692307693,1
image_0182,0.2899305555555556,0.3113425925925926,0.7170138888888888,0.5613425925925926,0
image_0637,0.10096153846153846,0.1778846153846154,0.15625,0.23076923076923078,1
image_0637,0.17067307692307693,0.16826923076923078,0.22596153846153846,0.22115384615384615,1
image_0637,0.24519230769230768,0.16346153846153846,0.2956730769230769,0.21875,1
image_0637,0.3245192307692308,0.15865384615384615,0.37259615384615385,0.2091346153846154,1
image_0637,0.10336538461538461,0.24278846153846154,0.15625,0.28846153846153844,1
image_0637,0.17307692307692307,0.23557692307692307,0.22115384615384615,0.29086538461538464,1
image_0637,0.24519230769230768,0.23076923076923078,0.2956730769230769,0.29086538461538464,1
image_0637,0.32211538461538464,0.2283653846153846,0.375,0.27884615384615385,1
image_0637,0.10576923076923077,0.30288461538461536,0.15865384615384615,0.3581730769230769,1
image_0637,0.17067307692307693,0.3076923076923077,0.21875,0.35336538461538464,1
image_0637,0.2403846153846154,0.30288461538461536,0.2956730769230769,0.35336538461538464,1
image_0637,0.3125,0.2980769230769231,0.37259615384615385,0.3485576923076923,1
image_0637,0.10576923076923077,0.36778846153846156,0.15384615384615385,0.4206730769230769,1
image_0637,0.17067307692307693,0.37259615384615385,0.21634615384615385,0.4206730769230769,1
image_0637,0.2403846153846154,0.36778846153846156,0.29086538461538464,0.42788461538461536,1
image_0637,0.3125,0.37259615384615385,0.3701923076923077,0.4206730769230769,1
image_0637,0.0985576923076923,0.43509615384615385,0.15144230769230768,0.4855769230769231,1
image_0637,0.1658653846153846,0.4375,0.22355769230769232,0.49038461538461536,1
image_0637,0.23798076923076922,0.4375,0.28846153846153844,0.49278846153846156,1
image_0637,0.3125,0.43509615384615385,0.36538461538461536,0.49278846153846156,1
image_0637,0.53125,0.14423076923076922,0.6033653846153846,0.2091346153846154,1
image_0637,0.6105769230769231,0.1466346153846154,0.7019230769230769,0.21875,1
image_0637,0.7235576923076923,0.15384615384615385,0.8100961538461539,0.2403846153846154,1
image_0637,0.8293269230769231,0.1778846153846154,0.9206730769230769,0.25240384615384615,1
image_0637,0.5,0.21394230769230768,0.5817307692307693,0.2860576923076923,1
image_0637,0.5793269230769231,0.23317307692307693,0.6754807692307693,0.3076923076923077,1
image_0637,0.6826923076923077,0.25240384615384615,0.7788461538461539,0.3173076923076923,1
image_0637,0.7788461538461539,0.2620192307692308,0.8846153846153846,0.34134615384615385,1
image_0637,0.4639423076923077,0.28125,0.5504807692307693,0.35336538461538464,1
image_0637,0.5528846153846154,0.30288461538461536,0.6442307692307693,0.3798076923076923,1
image_0637,0.6418269230769231,0.3269230769230769,0.7451923076923077,0.3942307692307692,1
image_0637,0.7427884615384616,0.34615384615384615,0.8485576923076923,0.4206730769230769,1
image_0637,0.43990384615384615,0.36778846153846156,0.5192307692307693,0.43509615384615385,1
image_0637,0.5240384615384616,0.3894230769230769,0.6081730769230769,0.4519230769230769,1
image_0637,0.6081730769230769,0.4014423076923077,0.7091346153846154,0.4735576923076923,1
image_0637,0.7043269230769231,0.43509615384615385,0.8245192307692307,0.5024038461538461,1
image_0637,0.41346153846153844,0.43990384615384615,0.4951923076923077,0.5024038461538461,1
image_0637,0.49278846153846156,0.46153846153846156,0.5793269230769231,0.5240384615384616,1
image_0637,0.5865384615384616,0.4807692307692308,0.6754807692307693,0.5456730769230769,1
image_0637,0.6778846153846154,0.5048076923076923,0.7716346153846154,0.5817307692307693,1
image_0637,0.27403846153846156,0.5264423076923077,0.3485576923076923,0.5985576923076923,1
image_0637,0.2283653846153846,0.5865384615384616,0.3004807692307692,0.6442307692307693,1
image_0637,0.18509615384615385,0.6322115384615384,0.25,0.6923076923076923,1
image_0637,0.14182692307692307,0.6754807692307693,0.20432692307692307,0.7331730769230769,1
image_0637,0.33413461538461536,0.5817307692307693,0.40625,0.6466346153846154,1
image_0637,0.28846153846153844,0.6346153846153846,0.35096153846153844,0.6947115384615384,1
image_0637,0.2403846153846154,0.6754807692307693,0.3004807692307692,0.7379807692307693,1
image_0637,0.19471153846153846,0.7259615384615384,0.25721153846153844,0.7764423076923077,1
image_0637,0.3942307692307692,0.6322115384615384,0.47115384615384615,0.7043269230769231,1
image_0637,0.34615384615384615,0.6754807692307693,0.4110576923076923,0.7451923076923077,1
image_0637,0.29086538461538464,0.7235576923076923,0.36778846153846156,0.7932692307692307,1
image_0637,0.23798076923076922,0.7716346153846154,0.30528846153846156,0.8317307692307693,1
image_0637,0.4567307692307692,0.6850961538461539,0.5432692307692307,0.7596153846153846,1
image_0637,0.4014423076923077,0.7355769230769231,0.4807692307692308,0.8028846153846154,1
image_0637,0.35336538461538464,0.7788461538461539,0.42788461538461536,0.8485576923076923,1
image_0637,0.3004807692307692,0.8269230769230769,0.3605769230769231,0.8846153846153846,1
image_0637,0.5240384615384616,0.7379807692307693,0.6105769230769231,0.8173076923076923,1
image_0637,0.46634615384615385,0.7860576923076923,0.5456730769230769,0.8557692307692307,1
image_0637,0.40625,0.8293269230769231,0.49038461538461536,0.9038461538461539,1
image_0637,0.3605769230769231,0.8846153846153846,0.4423076923076923,0.9495192307692307,1
image_0049,0.254375,0.2575,0.774375,0.7066666666666667,0
image_0049,0.135625,0.19583333333333333,0.22125,0.31166666666666665,1
image_0061,0.32625,0.31916666666666665,0.68625,0.6433333333333333,0
image_0506,0.4326923076923077,0.24278846153846154,0.6346153846153846,0.4014423076923077,1
image_0506,0.4567307692307692,0.46153846153846156,0.6177884615384616,0.5673076923076923,1
image_0232,0.2795138888888889,0.1701388888888889,0.7760416666666666,0.7314814814814815,0
image_0770,0.30528846153846156,0.30288461538461536,0.5552884615384616,0.6418269230769231,1
image_0850,0.03125,0.03365384615384615,0.96875,0.9735576923076923,1
image_0170,0.3480902777777778,0.35300925925925924,0.6397569444444444,0.6388888888888888,0
image_0456,0.4110576923076923,0.3894230769230769,0.4951923076923077,0.4495192307692308,1
image_0456,0.5360576923076923,0.39903846153846156,0.5817307692307693,0.4326923076923077,1
image_0456,0.5240384615384616,0.4375,0.5745192307692307,0.4735576923076923,1
image_0349,0.16498655913978494,0.30824372759856633,0.6817876344086021,0.7101254480286738,0
image_0503,0.4230769230769231,0.35336538461538464,0.6370192307692307,0.53125,1
image_0503,0.4735576923076923,0.5961538461538461,0.6177884615384616,0.7115384615384616,1
image_0427,0.22355769230769232,0.13221153846153846,0.43990384615384615,0.30288461538461536,1
image_0427,0.5817307692307693,0.15144230769230768,0.6923076923076923,0.2403846153846154,1
image_0427,0.5216346153846154,0.28365384615384615,0.6466346153846154,0.375,1
image_0829,0.19951923076923078,0.1875,0.7163461538461539,0.7355769230769231,1
image_0048,0.256875,0.17833333333333334,0.82625,0.8158333333333333,0
image_0039,0.235,0.26166666666666666,0.76625,0.8008333333333333,0
image_0410,0.14903846153846154,0.21394230769230768,0.8028846153846154,0.7764423076923077,1
image_0266,0.28125,0.23958333333333334,0.6701388888888888,0.5474537037037037,0
image_0526,0.7427884615384616,0.4230769230769231,0.8293269230769231,0.6201923076923077,0
image_0526,0.42788461538461536,0.5240384615384616,0.6514423076923077,0.6706730769230769,1
image_0299,0.3411458333333333,0.33449074074074076,0.6666666666666666,0.5925925925925926,0
image_0606,0.15625,0.2091346153846154,0.9086538461538461,0.875,1
image_0405,0.2980769230769231,0.5432692307692307,0.5889423076923077,0.75,1
image_0594,0.13942307692307693,0.18509615384615385,0.7836538461538461,0.8677884615384616,1
image_0255,0.3697916666666667,0.2974537037037037,0.7517361111111112,0.6655092592592593,0
image_0126,0.3871527777777778,0.41087962962962965,0.6440972222222222,0.6296296296296297,0
image_0173,0.3489583333333333,0.35185185185185186,0.6493055555555556,0.6099537037037037,0
image_0574,0.45913461538461536,0.5625,0.6394230769230769,0.7091346153846154,1
image_0354,0.2819220430107527,0.23700716845878136,0.8474462365591398,0.7423835125448028,0
image_0091,0.275625,0.25416666666666665,0.75125,0.7708333333333334,0
image_0689,0.3798076923076923,0.25240384615384615,0.5456730769230769,0.5096153846153846,1
image_0689,0.5913461538461539,0.23557692307692307,0.7596153846153846,0.47596153846153844,1
image_0546,0.13701923076923078,0.18028846153846154,0.8197115384615384,0.8004807692307693,1
image_0500,0.31490384615384615,0.4182692307692308,0.5649038461538461,0.625,1
image_0152,0.4140625,0.33912037037037035,0.6223958333333334,0.5173611111111112,0
image_0273,0.3940972222222222,0.3900462962962963,0.6631944444444444,0.6770833333333334,0
image_0174,0.3342013888888889,0.41782407407407407,0.6319444444444444,0.5798611111111112,0
image_0087,0.235,0.14583333333333334,0.741875,0.7016666666666667,0
image_0390,0.7524038461538461,0.27884615384615385,0.8293269230769231,0.3798076923076923,0
image_0390,0.44711538461538464,0.4639423076923077,0.5072115384615384,0.53125,1
image_0082,0.148125,0.21916666666666668,0.774375,0.7575,0
image_0495,0.2980769230769231,0.28846153846153844,0.6802884615384616,0.7115384615384616,1
image_0307,0.390625,0.3576388888888889,0.6744791666666666,0.5370370370370371,0
image_0803,0.09134615384615384,0.46875,0.5649038461538461,0.7956730769230769,1
image_0803,0.5793269230769231,0.34375,0.7716346153846154,0.45913461538461536,1
image_0803,0.6947115384615384,0.49278846153846156,0.9495192307692307,0.65625,1
image_0559,0.25240384615384615,0.23798076923076922,0.7860576923076923,0.7043269230769231,1
image_0559,0.002403846153846154,0.7716346153846154,0.8822115384615384,1.0,0
image_0596,0.17307692307692307,0.18990384615384615,0.7860576923076923,0.8100961538461539,1
image_0396,0.15625,0.29086538461538464,0.4735576923076923,0.5120192307692307,1
image_0396,0.6899038461538461,0.2956730769230769,0.8485576923076923,0.4182692307692308,1
image_0396,0.6057692307692307,0.4879807692307692,0.7884615384615384,0.625,1
image_0684,0.3942307692307692,0.3870192307692308,0.5456730769230769,0.49759615384615385,1
image_0300,0.3697916666666667,0.38773148148148145,0.6744791666666666,0.5543981481481481,0
image_0137,0.3489583333333333,0.33217592592592593,0.6267361111111112,0.6053240740740741,0
image_0525,0.41586538461538464,0.5600961538461539,0.6610576923076923,0.75,1
image_0525,0.7860576923076923,0.49759615384615385,0.8870192307692307,0.7283653846153846,0
image_0698,0.3629807692307692,0.25240384615384615,0.7235576923076923,0.6370192307692307,1
image_0052,0.258125,0.2683333333333333,0.715,0.7066666666666667,0
image_0057,0.19,0.2725,0.7025,0.6983333333333334,0
image_0046,0.24875,0.3283333333333333,0.73,0.645,0
image_0468,0.03125,0.18269230769230768,0.9423076923076923,0.8701923076923077,1
image_0401,0.19951923076923078,0.038461538461538464,0.7980769230769231,0.30528846153846156,1
image_0401,0.16105769230769232,0.6875,0.7379807692307693,0.9399038461538461,1
image_0564,0.08173076923076923,0.007211538461538462,0.9182692307692307,0.8557692307692307,1
image_0675,0.43990384615384615,0.14903846153846154,0.6346153846153846,0.43028846153846156,1
image_0675,0.6730769230769231,0.31490384615384615,0.7283653846153846,0.3629807692307692,0
image_0675,0.7355769230769231,0.2644230769230769,0.8389423076923077,0.33413461538461536,0
image_0276,0.28125,0.3414351851851852,0.6875,0.6423611111111112,0
image_0621,0.08173076923076923,0.11057692307692307,0.9375,0.8725961538461539,1
image_0616,0.036057692307692304,0.038461538461538464,0.9399038461538461,1.0,1
image_0729,0.0985576923076923,0.09615384615384616,0.9110576923076923,0.9278846153846154,1
image_0171,0.3307291666666667,0.3854166666666667,0.6614583333333334,0.6886574074074074,0
image_0736,0.0985576923076923,0.09615384615384616,0.9110576923076923,0.9278846153846154,1
image_0497,0.34375,0.5384615384615384,0.5552884615384616,0.7091346153846154,1
image_0497,0.9471153846153846,0.7115384615384616,1.0,0.84375,0
image_0773,0.39903846153846156,0.3125,0.5649038461538461,0.6274038461538461,1
image_0584,0.5456730769230769,0.15144230769230768,0.7211538461538461,0.5192307692307693,0
image_0584,0.13701923076923078,0.375,0.47836538461538464,0.6947115384615384,1
image_0732,0.0985576923076923,0.09615384615384616,0.9110576923076923,0.9278846153846154,1
image_0231,0.2760416666666667,0.16319444444444445,0.6710069444444444,0.6759259259259259,0
image_0373,0.2701612903225806,0.32661290322580644,0.7594086021505376,0.7531362007168458,0
image_0527,0.23317307692307693,0.18990384615384615,0.78125,0.78125,1
image_0047,0.31,0.265,0.725625,0.7066666666666667,0
image_0832,0.3942307692307692,0.4206730769230769,0.5697115384615384,0.5480769230769231,1
image_0058,0.208125,0.15083333333333335,0.771875,0.8558333333333333,0
image_0053,0.26375,0.11666666666666667,0.77875,0.7775,0
image_0551,0.3293269230769231,0.42788461538461536,0.7764423076923077,0.7764423076923077,1
image_0183,0.3090277777777778,0.36574074074074076,0.6710069444444444,0.5613425925925926,0
image_0690,0.3269230769230769,0.5552884615384616,0.5528846153846154,0.7331730769230769,1
image_0716,0.0673076923076923,0.3870192307692308,0.46875,0.90625,1
image_0716,0.53125,0.11778846153846154,0.9278846153846154,0.6490384615384616,1
image_0840,0.11057692307692307,0.10817307692307693,0.8942307692307693,0.8918269230769231,1
image_0416,0.32211538461538464,0.2980769230769231,0.6682692307692307,0.7596153846153846,1
image_0670,0.10576923076923077,0.33653846153846156,0.4543269230769231,0.6201923076923077,1
image_0288,0.2612847222222222,0.4224537037037037,0.6215277777777778,0.6400462962962963,0
image_0652,0.10096153846153846,0.09615384615384616,0.9182692307692307,0.9230769230769231,1
image_0199,0.3732638888888889,0.3506944444444444,0.7204861111111112,0.6481481481481481,0
image_0429,0.3076923076923077,0.25,0.4807692307692308,0.3798076923076923,1
image_0429,0.5625,0.23076923076923078,0.6538461538461539,0.2980769230769231,1
image_0429,0.5456730769230769,0.3317307692307692,0.6370192307692307,0.39903846153846156,1
image_0083,0.354375,0.39166666666666666,0.67,0.68,0
image_0088,0.19875,0.16333333333333333,0.800625,0.7775,0
image_0632,0.03125,0.13701923076923078,0.27163461538461536,0.7596153846153846,1
image_0632,0.3485576923076923,0.06490384615384616,0.6802884615384616,0.8990384615384616,1
image_0632,0.75,0.15144230769230768,0.9927884615384616,0.7764423076923077,1
image_0794,0.2403846153846154,0.5216346153846154,0.4423076923076923,0.6923076923076923,1
image_0794,0.4855769230769231,0.6442307692307693,0.6514423076923077,0.7692307692307693,1
image_0794,0.47836538461538464,0.25961538461538464,0.7980769230769231,0.5144230769230769,1
image_0444,0.22115384615384615,0.40865384615384615,0.49759615384615385,0.6105769230769231,1
image_0444,0.6899038461538461,0.41586538461538464,0.8245192307692307,0.5192307692307693,1
image_0444,0.6153846153846154,0.5865384615384616,0.7644230769230769,0.6947115384615384,1
image_0671,0.34615384615384615,0.5649038461538461,0.4639423076923077,0.7211538461538461,1
image_0671,0.6418269230769231,0.6153846153846154,0.7211538461538461,0.7163461538461539,0
image_0671,0.7067307692307693,0.6586538461538461,0.8653846153846154,0.8485576923076923,0
image_0217,0.3550347222222222,0.3599537037037037,0.6770833333333334,0.6145833333333334,0
image_0553,0.1201923076923077,0.1971153846153846,0.8581730769230769,0.8293269230769231,1
image_0553,0.004807692307692308,0.9447115384615384,1.0,1.0,0
image_0460,0.052884615384615384,0.24759615384615385,0.9495192307692307,0.9158653846153846,1
image_0351,0.2620967741935484,0.23879928315412186,0.7348790322580645,0.7549283154121864,0
image_0828,0.53125,0.36778846153846156,0.7139423076923077,0.4951923076923077,1
image_0081,0.273125,0.24833333333333332,0.723125,0.7558333333333334,0
image_0826,0.6009615384615384,0.5721153846153846,0.875,0.8028846153846154,1
image_0826,0.46153846153846156,0.9014423076923077,0.7644230769230769,1.0,1
image_0826,0.002403846153846154,0.5552884615384616,0.21153846153846154,0.9206730769230769,1
image_0086,0.23375,0.15416666666666667,0.8275,0.7483333333333333,0
image_0660,0.3942307692307692,0.15865384615384615,0.8100961538461539,0.8725961538461539,1
image_0852,0.06009615384615385,0.06009615384615385,0.9471153846153846,0.9519230769230769,1
image_0653,0.12740384615384615,0.11778846153846154,0.8774038461538461,0.84375,1
image_0249,0.3489583333333333,0.3298611111111111,0.6944444444444444,0.6956018518518519,0
image_0269,0.3454861111111111,0.3020833333333333,0.6571180555555556,0.5682870370370371,0
image_0555,0.1346153846153846,0.24519230769230768,0.8365384615384616,0.8485576923076923,1
image_0555,0.3629807692307692,0.6514423076923077,1.0,1.0,0
image_0060,0.255625,0.3408333333333333,0.698125,0.7016666666666667,0
image_0728,0.0985576923076923,0.09615384615384616,0.9110576923076923,0.9278846153846154,1
image_0304,0.3888888888888889,0.39351851851851855,0.6987847222222222,0.6307870370370371,0
image_0825,0.30288461538461536,0.5096153846153846,0.7764423076923077,0.9206730769230769,1
image_0642,0.057692307692307696,0.07932692307692307,0.9567307692307693,0.9278846153846154,1
image_0573,0.2980769230769231,0.23317307692307693,0.5240384615384616,0.4855769230769231,1
image_0573,0.47115384615384615,0.5600961538461539,0.7427884615384616,0.8605769230769231,1
image_0787,0.2620192307692308,0.4014423076923077,0.43028846153846156,0.5360576923076923,1
image_0787,0.47836538461538464,0.31971153846153844,0.6850961538461539,0.47836538461538464,1
image_0787,0.45913461538461536,0.5528846153846154,0.84375,0.8725961538461539,1
image_0700,0.2956730769230769,0.43028846153846156,0.7043269230769231,0.7836538461538461,1
image_0202,0.3350694444444444,0.3287037037037037,0.6987847222222222,0.6064814814814815,0
image_0581,0.19951923076923078,0.25721153846153844,0.6394230769230769,0.6947115384615384,1
image_0319,0.21236559139784947,0.23879928315412186,0.7301747311827957,0.7190860215053764,0
image_0412,0.5985576923076923,0.4879807692307692,0.8389423076923077,0.6706730769230769,1
image_0605,0.1658653846153846,0.18028846153846154,0.8389423076923077,0.7836538461538461,1
image_0516,0.3557692307692308,0.4639423076923077,0.5697115384615384,0.6346153846153846,1
image_0686,0.40625,0.4375,0.5504807692307693,0.5456730769230769,1
image_0438,0.23798076923076922,0.4110576923076923,0.5,0.6033653846153846,1
image_0438,0.7091346153846154,0.41586538461538464,0.8485576923076923,0.5264423076923077,1
image_0438,0.6346153846153846,0.5817307692307693,0.7980769230769231,0.6995192307692307,1
image_0142,0.46875,0.38078703703703703,0.6753472222222222,0.6030092592592593,0
image_0420,0.23317307692307693,0.43990384615384615,0.4543269230769231,0.6009615384615384,1
image_0420,0.59375,0.43509615384615385,0.7067307692307693,0.5144230769230769,1
image_0420,0.5552884615384616,0.5649038461538461,0.6754807692307693,0.6610576923076923,1
image_0556,0.43028846153846156,0.6442307692307693,1.0,1.0,0
image_0556,0.1658653846153846,0.14423076923076922,0.8774038461538461,0.8629807692307693,1
image_0054,0.198125,0.17416666666666666,0.785625,0.8408333333333333,0
image_0367,0.28998655913978494,0.3593189964157706,0.7372311827956989,0.6326164874551972,0
image_0059,0.221875,0.19416666666666665,0.723125,0.6783333333333333,0
image_0613,0.03125,0.028846153846153848,0.9519230769230769,0.9663461538461539,1
image_0493,0.4567307692307692,0.6225961538461539,0.6153846153846154,0.75,1
image_0493,0.7427884615384616,0.4206730769230769,0.9975961538461539,0.53125,0
image_0372,0.22849462365591397,0.29301075268817206,0.7046370967741935,0.6899641577060932,0
image_0465,0.026442307692307692,0.15144230769230768,0.9014423076923077,0.8173076923076923,1
image_0285,0.2890625,0.3738425925925926,0.6840277777777778,0.6053240740740741,0
image_0777,0.44471153846153844,0.31490384615384615,0.5649038461538461,0.5913461538461539,1
image_0569,0.25,0.24759615384615385,0.5456730769230769,0.6610576923076923,1
image_0085,0.2375,0.22833333333333333,0.739375,0.6958333333333333,0
image_0524,0.6706730769230769,0.5024038461538461,0.7451923076923077,0.6971153846153846,0
image_0524,0.38221153846153844,0.5649038461538461,0.5865384615384616,0.7451923076923077,1
